0,['드루킹이 전하는 노회찬 죽음의 진실 (feat. 문재인)',['가로세로연구소',-['가로세로연구소'
1, '檢, '채널A 뉴스',['가로세로연구소'- '채널A 뉴스'
2, 서초경찰서 전격 압수수색…휴대전화·유서 확보 | 뉴스A', '채널A 뉴스', '채널A 뉴스'- '채널A 뉴스'
3, '檢, 'sun H', '채널A 뉴스'- 'sun H'
4, 서초경찰서 전격 압수수색…휴대전화·유서 확보 | 뉴스A', 'News Daily Korea Showbiz', 'sun H'- 'News Daily Korea Showbiz'
5, '문희 결혼식', '메이트타운', 'News Daily Korea Showbiz'- '메이트타운'
6, '故 박일 성우, 'News Daily Korea Showbiz', '메이트타운'- 'News Daily Korea Showbiz'
7, 배우 김윤경과 이혼 후 홀로 4남매 키운 사실 알려져', 'MS TV', 'News Daily Korea Showbiz'- 'MS TV'
8, '조민기, 'EBSDocumentary (EBS 다큐)', 'MS TV'- 'EBSDocumentary (EBS 다큐)'
9, 애도받지 못한 죽음… 빈소를 찾지 않는 동료 연예인들을 향한 한 배우의 글', 'OhmynewsTV', 'EBSDocumentary (EBS 다큐)'- 'OhmynewsTV'
10, '故 박일 성우, 'EBSDocumentary (EBS 다큐)', 'OhmynewsTV'- 'EBSDocumentary (EBS 다큐)'
11, 배우 김윤경과 이혼 후 홀로 4남매 키운 사실 알려져', 'EBSDocumentary (EBS 다큐)', 'EBSDocumentary (EBS 다큐)'- 'EBSDocumentary (EBS 다큐)'
12, '선풍기아줌마 15일 별세 선풍기 아주머니', 'LEE Logan', 'EBSDocumentary (EBS 다큐)'- 'LEE Logan'
13, '[EBS 세계테마기행] 행복한열대 캄보디아 1~4부', 'idforwook', 'LEE Logan'- 'idforwook'
14," '[풀영상] 신동욱 ""처형 박근혜 대통령", 'freeara', 'idforwook'- 'freeara'
15," 지난 10년간 밥 한 끼 산 적 없다""(오마이TV)'", 'Algol', 'freeara'- 'Algol'
16, '다큐프라임 - 극한의 땅 2부 시베리아 오이먀콘의 겨울', '12tune', 'Algol'- '12tune'
17, '[세계테마기행] 역사의 땅 이스라엘 1~4부', 'Algol', '12tune'- 'Algol'
18, '[우주다큐]NHK 우주대기행 E07 블랙홀, 'Rogan Amie', 'Algol'- 'Rogan Amie'
19, 은하를 뒤흔드는 수수께끼 천체', '서원영', 'Rogan Amie'- '서원영'
20, '태양계 그리고 우리 은하', '2SUNOYA', '서원영'- '2SUNOYA'
21, '고래자리 A 은하 [Messier 77]', 'coolsan', '2SUNOYA'- 'coolsan'
22, '태양계 행성 크기 비교 Got Balls (한국어)', 'HBBIT', 'coolsan'- 'HBBIT'
23, 'got balls - planet size comparison, 'EBSDocumentary (EBS 다큐)', 'HBBIT'- 'EBSDocumentary (EBS 다큐)'
24, 12tune', 'YTN NEWS', 'EBSDocumentary (EBS 다큐)'- 'YTN NEWS'
25, '태양계 행성 크기 비교 Got Balls (한국어)', 'YTN DMB', 'YTN NEWS'- 'YTN DMB'
26, '[소리주의] 우주왕복선 발사부터 착륙까지 전과정', '오늘의 선물', 'YTN DMB'- '오늘의 선물'
27, 'Soft-landing 인천국제공항 Incheon International Airport / 부드럽게착륙하는 아시아나항공여객기', '플레이앤드', '오늘의 선물'- '플레이앤드'
28, '대한항공 A380 인천공항 폭우속 착륙 Korean air A380 reverse thrust in rain @ ICN 2012-08-12-124807', 'EBSDocumentary (EBS 다큐)', '플레이앤드'- 'EBSDocumentary (EBS 다큐)'
29, 'Boeing 747 - 400 Amazing Landing and Reverse Thrust Spray - Eva Air', 'EBSDocumentary (EBS 다큐)', 'EBSDocumentary (EBS 다큐)'- 'EBSDocumentary (EBS 다큐)'
30, 'KLM MD11 first engine start with new engine', 'YTN KOREAN', 'EBSDocumentary (EBS 다큐)'- 'YTN KOREAN'
31, '[EBS 세계테마기행] 행복한열대 캄보디아 1~4부', 'YTN KOREAN', 'YTN KOREAN'- 'YTN KOREAN'
32, '[YTN LIVE] 대한민국 24시간 뉴스 채널 YTN', 'Aviation JSB STAR', 'YTN KOREAN'- 'Aviation JSB STAR'
33, 'YTN DMB LIVE', 'EBS 컬렉션 - 라이프스타일', 'Aviation JSB STAR'- 'EBS 컬렉션 - 라이프스타일'
34, '[오늘의 선물] 해외선물 실시간 뉴스 중계 - 블룸버그, '베트남스토리TV', 'EBS 컬렉션 - 라이프스타일'- '베트남스토리TV'
35, CNBC, 'PES Zino', '베트남스토리TV'- 'PES Zino'
36, WSJ, '축냐shagamoon', 'PES Zino'- '축냐shagamoon'
37, 로이터 실시간 해외 뉴스 중계 및 시황 분석 합니다. 정보가 힘이다!!!', 'monkeygirlxharu', '축냐shagamoon'- 'monkeygirlxharu'
38, '자동차 스마트키 배터리 없을 때 시동걸기', 'EBS 컬렉션 - 라이프스타일', 'monkeygirlxharu'- 'EBS 컬렉션 - 라이프스타일'
39, '[세계테마기행] 역사의 땅 이스라엘 1~4부', '꺼리튜브 gguri Tube', 'EBS 컬렉션 - 라이프스타일'- '꺼리튜브 gguri Tube'
40, '[세계테마기행] 역사의 땅 이스라엘 1~4부', '쓸모왕', '꺼리튜브 gguri Tube'- '쓸모왕'
41, 'YTN KOREAN 생방송(LIVE)', 'Travel Tube', '쓸모왕'- 'Travel Tube'
42, 'YTN KOREAN 생방송(LIVE)', '꺼리튜브 gguri Tube', 'Travel Tube'- '꺼리튜브 gguri Tube'
43, '비행기는 어떻게 출발하게 될까??? 궁금하지않으세요? / 케세이퍼시픽 보잉777 홍콩공항 게이트 출발 영상 / 홍콩 시위속에도 안전하게 돌아가는 공항', '박승호', '꺼리튜브 gguri Tube'- '박승호'
44, '절벽 위에서 일한다, '떠먹여주는과학', '박승호'- '떠먹여주는과학'
45, 천길 낭떠러지 위의 극한직업 ‘잔도공’', '박승호', '떠먹여주는과학'- '박승호'
46, '2019 동남아시안게임 U-23 축구 베트남 2 : 1 인도네시아 후반 91분의 짜릿한 역전승 축제로구나~ 베트남 3연승 베트남축구 현지반응', 'idforwook', '박승호'- 'idforwook'
47, '[마클도전기]21부. 살짝 달려봅니다. 13연승 중', 'freeara', 'idforwook'- 'freeara'
48, '[축냐TV] 위닝/ウイイレ/PES2020 Myclub #28 또하나의 대세감독? 4-1-3-2 포사티!', 'LEE Logan', 'freeara'- 'LEE Logan'
49, 'Ceres Celestial Legend- Lets make love', '떠먹여주는과학', 'LEE Logan'- '떠먹여주는과학'
50, '절벽 위에서 일한다, '떠먹여주는과학', '떠먹여주는과학'- '떠먹여주는과학'
51, 천길 낭떠러지 위의 극한직업 ‘잔도공’', 'LEE Logan', '떠먹여주는과학'- 'LEE Logan'
52, '한국 시속 40, '떠먹여주는과학', 'LEE Logan'- '떠먹여주는과학'
53,320KM 의 75톤급 로켓 엔진 개발 성공 한국이 로켓엔진을 20년간 개발 못했던 충격적인 이유', '떠먹여주는과학', '떠먹여주는과학'- '떠먹여주는과학'
54, '도쿄 세계인 축제를 무너뜨리는 영국언론의 충격발언 현상황, 'idforwook', '떠먹여주는과학'- 'idforwook'
55, “IOC는 일본에 중대한 결정을 내려야 한다”', 'DOOBOO', 'idforwook'- 'DOOBOO'
56," '일본이 큰 함정에 빠져버렸다며 전세계가 크게 놀란 현상황 ""아베의 초강력 반전카드 알고보니 대재앙""'", '12tune', 'DOOBOO'- '12tune'
57, '한국 시속 40, 'Harry Evett', '12tune'- 'Harry Evett'
58,320KM 의 75톤급 로켓 엔진 개발 성공 한국이 로켓엔진을 20년간 개발 못했던 충격적인 이유', 'idforwook', 'Harry Evett'- 'idforwook'
59, '우주대기행 5부 물질의 생성과파괴 KOR HDTV 720p x264', 'Algol', 'idforwook'- 'Algol'
60, '달에 정착한 인류', '한국천문연구원(KASI)', 'Algol'- '한국천문연구원(KASI)'
61, '우주대기행 5부 물질의 생성과파괴 KOR HDTV 720p x264', '신박과학', '한국천문연구원(KASI)'- '신박과학'
62, '태양계 그리고 우리 은하', '떠먹여주는과학', '신박과학'- '떠먹여주는과학'
63, '고래자리 A 은하 [Messier 77]', 'Topic', '떠먹여주는과학'- 'Topic'
64, '[우주다큐]NHK 우주대기행 E06 또 하나의 지구', '한국천문연구원(KASI)', 'Topic'- '한국천문연구원(KASI)'
65, '달에 정착한 인류', '떠먹여주는과학', '한국천문연구원(KASI)'- '떠먹여주는과학'
66, '달에 정착한 인류', 'Topic', '떠먹여주는과학'- 'Topic'
67, '[우주다큐]NHK 우주대기행 E06 또 하나의 지구', 'Topic', 'Topic'- 'Topic'
68, '달에 정착한 인류', '떠먹여주는과학', 'Topic'- '떠먹여주는과학'
69, '달에 정착한 인류', 'Topic', '떠먹여주는과학'- 'Topic'
70, '태양계 그리고 우리 은하', 'Topic', 'Topic'- 'Topic'
71, 'healing 360 VR-Earth [힐링 360 VR]-지구', 'Topic', 'Topic'- 'Topic'
72, 'got balls - planet size comparison, '떠먹여주는과학', 'Topic'- '떠먹여주는과학'
73, 12tune', '박승호', '떠먹여주는과학'- '박승호'
74, 'Universe Size Comparison 3D', '쓸모왕', '박승호'- '쓸모왕'
75, '태양계 그리고 우리 은하', '박승호', '쓸모왕'- '박승호'
76, '태양계 행성 크기 비교 Got Balls (한국어)', '박승호', '박승호'- '박승호'
77, '태양계 개요 (한국천문연구원)', '박승호', '박승호'- '박승호'
78, '우주의 끝은 있을까? 그곳에 가면 어떻게 될까? [신박과학]', 'EBSDocumentary (EBS 다큐)', '박승호'- 'EBSDocumentary (EBS 다큐)'
79, '달에 정착한 인류', '박승호', 'EBSDocumentary (EBS 다큐)'- '박승호'
80, '죽어버린 별들. 행성이 블랙홀 주위를 공전할 때', '한국천문연구원(KASI)', '박승호'- '한국천문연구원(KASI)'
81, '태양계 개요 (한국천문연구원)', '박승호', '한국천문연구원(KASI)'- '박승호'
82, '달에 정착한 인류', '팍포커스 Park Focus', '박승호'- '팍포커스 Park Focus'
83, '죽어버린 별들. 행성이 블랙홀 주위를 공전할 때', '도이도', '팍포커스 Park Focus'- '도이도'
84, '죽어버린 별들. 행성이 블랙홀 주위를 공전할 때', 'JTBC3 FOX Sports', '도이도'- 'JTBC3 FOX Sports'
85, '달에 정착한 인류', 'SBS Sports', 'JTBC3 FOX Sports'- 'SBS Sports'
86, '죽어버린 별들. 행성이 블랙홀 주위를 공전할 때', 'SBS Sports', 'SBS Sports'- 'SBS Sports'
87, '죽어버린 별들. 행성이 블랙홀 주위를 공전할 때', 'ArtSoccer', 'SBS Sports'- 'ArtSoccer'
88, '죽어버린 별들. 행성이 블랙홀 주위를 공전할 때', 'ArtSoccer', 'ArtSoccer'- 'ArtSoccer'
89, '달에 정착한 인류', 'MaxFootball', 'ArtSoccer'- 'MaxFootball'
90, '우주대기행 5부 물질의 생성과파괴 KOR HDTV 720p x264', 'Pod 6', 'MaxFootball'- 'Pod 6'
91, '도쿄 세계인 축제를 무너뜨리는 영국언론의 충격발언 현상황, 'Ingleton Pottery', 'Pod 6'- 'Ingleton Pottery'
92, “IOC는 일본에 중대한 결정을 내려야 한다”', 'Wax creation Wax hands', 'Ingleton Pottery'- 'Wax creation Wax hands'
93, '우주대기행 5부 물질의 생성과파괴 KOR HDTV 720p x264', 'Honda Suisse', 'Wax creation Wax hands'- 'Honda Suisse'
94, '우주대기행 5부 물질의 생성과파괴 KOR HDTV 720p x264', 'Pod 6', 'Honda Suisse'- 'Pod 6'
95, '우주대기행 5부 물질의 생성과파괴 KOR HDTV 720p x264'," ""Bakuna's Experiment"""," 'Pod 6'- ""Bakuna's Experiment"""
96, '[EBS 세계테마기행] 행복한열대 캄보디아 1~4부', 'HaerteTest'," ""Bakuna's Experiment""- 'HaerteTest'"
97, '우주대기행 4부 우주인류로의진화 KOR HDTV 720p x264', 'HelloMaphie', 'HaerteTest'- 'HelloMaphie'
98, '태양이라는 이름의 별 (한국천문연구원)', '떠먹여주는과학', 'HelloMaphie'- '떠먹여주는과학'
99, '우주대기행 5부 물질의 생성과파괴 KOR HDTV 720p x264', '나승택', '떠먹여주는과학'- '나승택'
100, '눈으로 보고도 믿을 수 없는 신비한 장소 TOP 20 [+실제영상]', 'Robby Michaelle', '나승택'- 'Robby Michaelle'
101, '세계에서 가장 깊은 바다에 관하여 당신이 모르는 사실들??', 'Paul Pichugin', 'Robby Michaelle'- 'Paul Pichugin'
102, '[아시안컵] 박항서 매직-베트남vs요르단 16강 승부차기', '박승호', 'Paul Pichugin'- '박승호'
103, '베트남 VS 라오스 H/L [2019 동남아시안게임 축구 / 박항서]', 'true0999people', '박승호'- 'true0999people'
104, '박항서 감독도 함께 부르는 베트남 국가 [2019 동남아시안게임 축구 / 박항서]', '떠먹여주는과학', 'true0999people'- '떠먹여주는과학'
105, '19 축구선수가 너무 영리하면 발생하는 일들 ㅋㅋㅋㅋㅋ', '떠먹여주는과학', '떠먹여주는과학'- '떠먹여주는과학'
106, '각 축구선수들이 보유한 전매특허 스킬들 ㅋㅋㅋㅋㅋ', '박승호', '떠먹여주는과학'- '박승호'
107, 'When Ball Explodes during Football match ● HD', '떠먹여주는과학', '박승호'- '떠먹여주는과학'
108, 'Watermelon+400 rubber bands', '박승호', '떠먹여주는과학'- '박승호'
109, 'Making / Throwing a ceramic clay pottery Apple on the wheel', '연호', '박승호'- '연호'
110, 'AMAZING !! How to make wax hands heart , '극지연구소', '연호'- '극지연구소'
111,hand wax making art is unique art , '과학드림 [Science Dream]', '극지연구소'- '과학드림 [Science Dream]'
112,hands made from wax', '연호', '과학드림 [Science Dream]'- '연호'
113, 'Honda - The Cog', '한국천문연구원(KASI)', '연호'- '한국천문연구원(KASI)'
114, 'Watermelon+400 rubber bands', '연호', '한국천문연구원(KASI)'- '연호'
115, 'Crushing Crunchy & Soft Things by Car! - EXPERIMENT: WATERMELON VS CAR', '떠먹여주는과학', '연호'- '떠먹여주는과학'
116, 'Crushing Crunchy & Soft Things by Car! - EXPERIMENT: CAR VS COCA COLA', '박승호', '떠먹여주는과학'- '박승호'
117, 'Crushing Crunchy & Soft Things by Car! - Floral Foam, 'EBSDocumentary (EBS 다큐)', '박승호'- 'EBSDocumentary (EBS 다큐)'
118, Squishy, '박승호', 'EBSDocumentary (EBS 다큐)'- '박승호'
119, Tide Pods and More!', 'EBSDocumentary (EBS 다큐)', '박승호'- 'EBSDocumentary (EBS 다큐)'
120, '물 속 생활에 질린 물고기들', '박승호', 'EBSDocumentary (EBS 다큐)'- '박승호'
121, '바다속 풍경', 'EBSDocumentary (EBS 다큐)', '박승호'- 'EBSDocumentary (EBS 다큐)'
122, 'Scuba Diving the Great Barrier Reef Red Sea Egypt Tiran Full HD', 'idforwook', 'EBSDocumentary (EBS 다큐)'- 'idforwook'
123, 'Antarctica 360° VR Video', '떠먹여주는과학', 'idforwook'- '떠먹여주는과학'
124, '우주대기행 4부 우주인류로의진화 KOR HDTV 720p x264', '박승호', '떠먹여주는과학'- '박승호'
125, '미래의 자동차 3부 - The Fuel', 'EBSDocumentary (EBS 다큐)', '박승호'- 'EBSDocumentary (EBS 다큐)'
126, '물 속 생활에 질린 물고기들', '360 VR TRAVEL', 'EBSDocumentary (EBS 다큐)'- '360 VR TRAVEL'
127, '물 속 생활에 질린 물고기들', 'mooovr', '360 VR TRAVEL'- 'mooovr'
128, '우주대기행 4부 우주인류로의진화 KOR HDTV 720p x264', 'littlecreeperdx channel', 'mooovr'- 'littlecreeperdx channel'
129, '물 속 생활에 질린 물고기들', 'Zak Gray', 'littlecreeperdx channel'- 'Zak Gray'
130, '우주대기행 4부 우주인류로의진화 KOR HDTV 720p x264', 'Scott Brazelton', 'Zak Gray'- 'Scott Brazelton'
131, '(킬링타임)지구의탄생과정', '5MadMovieMakers', 'Scott Brazelton'- '5MadMovieMakers'
132, '극지연구소 KOPRI 아델리펭귄 Inexpressible+Island 360 VR', 'Vivify cg', '5MadMovieMakers'- 'Vivify cg'
133, '초거대 상어 메갈로돈은 왜 멸종했을까?', 'Honda Suisse', 'Vivify cg'- 'Honda Suisse'
134, '(킬링타임)지구의탄생과정', 'Vivify cg', 'Honda Suisse'- 'Vivify cg'
135, '태양이라는 이름의 별 (한국천문연구원)', '5MadMovieMakers', 'Vivify cg'- '5MadMovieMakers'
136, '(킬링타임)지구의탄생과정', 'littlecreeperdx channel', '5MadMovieMakers'- 'littlecreeperdx channel'
137, '물 속 생활에 질린 물고기들', 'Zak Gray', 'littlecreeperdx channel'- 'Zak Gray'
138, '우주대기행 4부 우주인류로의진화 KOR HDTV 720p x264', 'littlecreeperdx channel', 'Zak Gray'- 'littlecreeperdx channel'
139, '[EBS 세계테마기행] 행복한열대 캄보디아 1~4부', 'Zak Gray', 'littlecreeperdx channel'- 'Zak Gray'
140, '우주대기행 4부 우주인류로의진화 KOR HDTV 720p x264', '떠먹여주는과학', 'Zak Gray'- '떠먹여주는과학'
141, '[EBS 세계테마기행] 행복한열대 캄보디아 1~4부', 'kimcrows의잡동사니', '떠먹여주는과학'- 'kimcrows의잡동사니'
142, '우주대기행 5부 물질의 생성과파괴 KOR HDTV 720p x264', 'Eh Oll', 'kimcrows의잡동사니'- 'Eh Oll'
143, '[EBS 세계테마기행] 페루 대탐험 1~4부', '롯데월드타워·롯데월드몰', 'Eh Oll'- '롯데월드타워·롯데월드몰'
144, '태양계 그리고 우리 은하', '도이도', '롯데월드타워·롯데월드몰'- '도이도'
145, '물 속 생활에 질린 물고기들', '롯데월드타워·롯데월드몰', '도이도'- '롯데월드타워·롯데월드몰'
146, '우주대기행 4부 우주인류로의진화 KOR HDTV 720p x264', 'EBSDocumentary (EBS 다큐)', '롯데월드타워·롯데월드몰'- 'EBSDocumentary (EBS 다큐)'
147, '[EBS 세계테마기행] 행복한열대 캄보디아 1~4부', '박승호', 'EBSDocumentary (EBS 다큐)'- '박승호'
148, '[360도 VR 영상] 여행영상, 'Angry. Birds', '박승호'- 'Angry. Birds'
149, 한번 살아봐 제주(Jeju) - 서울산업진흥원 VR컨텐츠 공모전 대상 수상작 4K', '프로의 리뷰', 'Angry. Birds'- '프로의 리뷰'
150, '[Extreme] 360° RollerCoaster at Seoul Grand Park', 'Harry Evett', '프로의 리뷰'- 'Harry Evett'
151," ""Multiverse: world's longest roller coaster [Minecraft 360° Video] VR""", 'Algol', 'Harry Evett'- 'Algol'
152, 'Maelstrom (Unfinished Custom Coaster)- Planet Coaster', 'DOOBOO', 'Algol'- 'DOOBOO'
153," ""Back Yard Roller Coaster - Wyatt's First Ride""", 'EBSDocumentary (EBS 다큐)', 'DOOBOO'- 'EBSDocumentary (EBS 다큐)'
154, 'Hot Wheels Boosted', 'LEE Logan', 'EBSDocumentary (EBS 다큐)'- 'LEE Logan'
155, 'Marble run', '독일빵', 'LEE Logan'- '독일빵'
156, 'Honda - The Cog', '과학드림 [Science Dream]', '독일빵'- '과학드림 [Science Dream]'
157, 'Marble run', '떠먹여주는과학', '과학드림 [Science Dream]'- '떠먹여주는과학'
158, 'Hot Wheels Boosted', '박승호', '떠먹여주는과학'- '박승호'
159," ""Multiverse: world's longest roller coaster [Minecraft 360° Video] VR""", 'jckchoi1', '박승호'- 'jckchoi1'
160, 'Maelstrom (Unfinished Custom Coaster)- Planet Coaster', '박태봉', 'jckchoi1'- '박태봉'
161," ""Multiverse: world's longest roller coaster [Minecraft 360° Video] VR""", '프로의 리뷰', '박태봉'- '프로의 리뷰'
162, 'Maelstrom (Unfinished Custom Coaster)- Planet Coaster', 'jckchoi1', '프로의 리뷰'- 'jckchoi1'
163, '물 속 생활에 질린 물고기들', '박태봉', 'jckchoi1'- '박태봉'
164, '세상에서 가장 위험한 물고기 top10 2편', '프로의 리뷰', '박태봉'- '프로의 리뷰'
165, 'SBS모닝와이드 전설의 사냥꾼편', 'idforwook', '프로의 리뷰'- 'idforwook'
166, 'LOTTE WORLD TOWER 기술영상', 'freeara', 'idforwook'- 'freeara'
167, '세계에서 가장 깊은 바다에 관하여 당신이 모르는 사실들??', '박승호', 'freeara'- '박승호'
168, 'LOTTE WORLD TOWER 기술영상', 'EBSDocumentary (EBS 다큐)', '박승호'- 'EBSDocumentary (EBS 다큐)'
169, '[EBS 세계테마기행] 행복한열대 캄보디아 1~4부', '360 VR TRAVEL', 'EBSDocumentary (EBS 다큐)'- '360 VR TRAVEL'
170, '우주대기행 5부 물질의 생성과파괴 KOR HDTV 720p x264', 'mooovr', '360 VR TRAVEL'- 'mooovr'
171, '우주의 크기를 km로 환산한다면? (Magnitude of the universe)', 'Brighton VR 180', 'mooovr'- 'Brighton VR 180'
172, '태양이 더 뜨거웠으면 태양계에 벌어졌을 재앙 [유니버스 샌드박스2]', 'John Chu', 'Brighton VR 180'- 'John Chu'
173, 'Universe Size Comparison 3D', 'Parker821', 'John Chu'- 'Parker821'
174, '태양계 행성 크기 비교 Got Balls (한국어)', 'edomes88', 'Parker821'- 'edomes88'
175, 'healing 360 VR-Earth [힐링 360 VR]-지구', 'Sam Bee', 'edomes88'- 'Sam Bee'
176, '[EBS 세계테마기행] 행복한열대 캄보디아 1~4부', 'Scott Brazelton', 'Sam Bee'- 'Scott Brazelton'
177, '[우주다큐]NHK 우주대기행 E06 또 하나의 지구', '떠먹여주는과학', 'Scott Brazelton'- '떠먹여주는과학'
178, '꼭 봐야하는 물에 빠졌을 때 살아남는 법', '박승호', '떠먹여주는과학'- '박승호'
179, '초거대 상어 메갈로돈은 왜 멸종했을까?', 'EBSDocumentary (EBS 다큐)', '박승호'- 'EBSDocumentary (EBS 다큐)'
180, '달에 정착한 인류', '한국천문연구원(KASI)', 'EBSDocumentary (EBS 다큐)'- '한국천문연구원(KASI)'
181, '우주대기행 4부 우주인류로의진화 KOR HDTV 720p x264', 'morn1415', '한국천문연구원(KASI)'- 'morn1415'
182, '지구의 탄생과 생명체의 기원 II', 'Dmitry Vorobyev', 'morn1415'- 'Dmitry Vorobyev'
183, '신숭겸장군 유적지 injected', '사실들흥미로운', 'Dmitry Vorobyev'- '사실들흥미로운'
184, '태양이 더 뜨거웠으면 태양계에 벌어졌을 재앙 [유니버스 샌드박스2]', 'antarctic851', '사실들흥미로운'- 'antarctic851'
185, '지구의 탄생과 생명체의 기원 II', '놀이동산 놀이기구 완전 정복 ᄏᄏᄏ', 'antarctic851'- '놀이동산 놀이기구 완전 정복 ᄏᄏᄏ'
186, '신숭겸장군 유적지 injected', 'coolsan', '놀이동산 놀이기구 완전 정복 ᄏᄏᄏ'- 'coolsan'
187, '태양이 더 뜨거웠으면 태양계에 벌어졌을 재앙 [유니버스 샌드박스2]', 'morn1415', 'coolsan'- 'morn1415'
188, '태양계 그리고 우리 은하', 'Dmitry Vorobyev', 'morn1415'- 'Dmitry Vorobyev'
189, '고래자리 A 은하 [Messier 77]', 'Rogan Amie', 'Dmitry Vorobyev'- 'Rogan Amie'
190, '우주대기행 4부 우주인류로의진화 KOR HDTV 720p x264', 'Algol', 'Rogan Amie'- 'Algol'
191, '[EBS 세계테마기행] 행복한열대 캄보디아 1~4부', 'jinwoo lim', 'Algol'- 'jinwoo lim'
192, '[360도 VR 영상] 여행영상, '떠먹여주는과학', 'jinwoo lim'- '떠먹여주는과학'
193, 한번 살아봐 제주(Jeju) - 서울산업진흥원 VR컨텐츠 공모전 대상 수상작 4K', '박승호', '떠먹여주는과학'- '박승호'
194, '[Extreme] 360° RollerCoaster at Seoul Grand Park', 'jinwoo lim', '박승호'- 'jinwoo lim'
195, 'VR180 Bike Ride Brighton', '프로의 리뷰', 'jinwoo lim'- '프로의 리뷰'
196, 'VR180: Snow Flurries Queens 01.18.2019', '박승호', '프로의 리뷰'- '박승호'
197, 'Top 17 roller coasters at Cedar Point', '소박사TV', '박승호'- '소박사TV'
198, 'Fearless 8 year old rides the slingshot', 'JJ Kosmos', '소박사TV'- 'JJ Kosmos'
199," ""John Stoke's Circus Funhouse walkthrough""", '박승호', 'JJ Kosmos'- '박승호'
200," ""Back Yard Roller Coaster - Wyatt's First Ride""", '숫노루 TV'], '박승호'- '숫노루 TV']
201, '물 속 생활에 질린 물고기들',,
202, '우주대기행 4부 우주인류로의진화 KOR HDTV 720p x264',,
203, '[EBS 세계테마기행] 페루 대탐험 1~4부',,
204, '태양계 개요 (한국천문연구원)',,
205, '행성 크기 비교 2',,
206, 'Сравнение размеров небесных тел. Русская версия.',,
207, '가장 엄청나게 거대한 배 10척',,
208, '대한민국 쇄빙연구선,,
209, 아라온',,
210, '5초 후 저 비행기의 운명은??(자막) / 착륙하는 방향이 틀려...ㅠㅠ / 비행기 항공 사고? 측풍착륙~~~',,
211, 'Boeing 747 - 400 Amazing Landing and Reverse Thrust Spray - Eva Air',,
212, '행성 크기 비교 2',,
213, 'Сравнение размеров небесных тел. Русская версия.',,
214, '[소리주의] 우주왕복선 발사부터 착륙까지 전과정',,
215, '태양계 행성 크기 비교 Got Balls (한국어)',,
216, '[360VR] Museum_Leonardo da Vinci (미술관:레오나르도 다빈치)',,
217, '물 속 생활에 질린 물고기들',,
218, '우주대기행 4부 우주인류로의진화 KOR HDTV 720p x264',,
219, '[360VR] Museum_Leonardo da Vinci (미술관:레오나르도 다빈치)',,
220, '태양이 더 뜨거웠으면 태양계에 벌어졌을 재앙 [유니버스 샌드박스2]',,
221, '우주대기행 5부 물질의 생성과파괴 KOR HDTV 720p x264',,
222, '아소산 대폭발 다가오는가 - 영국이 선정한 세계 가장 위험한 10대 화산',,
223, 'NASA에서 유출된 충격적인 화성 사진들 -다양한 식물들과 고대 문명의 흔적',,
224, '우주대기행 4부 우주인류로의진화 KOR HDTV 720p x264',,
225, '아직도 풀리지 않은 미스테리 세계 7대 불가사의 [불가사의][무서운 이야기][미스테리[[괴담] - 숫노루TV'],,
