0,['잠시 지구를 떠났다가 왔나? 문재인 김연철의 경쟁적 유체이탈 발언',['조갑제TV',-['조갑제TV'
1, '[전광훈목사 강연]서울 경기지역 비상구국기도회', '너알아TV-',['조갑제TV'- '너알아TV-'
2, '연합뉴스TV 생방송 (LIVE & NEWS)', '연합뉴스TV', '너알아TV-'- '연합뉴스TV'
3, '[YTN LIVE] 대한민국 24시간 뉴스 채널 YTN', 'YTN NEWS', '연합뉴스TV'- 'YTN NEWS'
4, '연합뉴스TV 생방송 (LIVE & NEWS)', '연합뉴스TV', 'YTN NEWS'- '연합뉴스TV'
5, '[YTN LIVE] 대한민국 24시간 뉴스 채널 YTN', 'YTN NEWS', '연합뉴스TV'- 'YTN NEWS'
6, '연합뉴스TV 생방송 (LIVE & NEWS)', '연합뉴스TV', 'YTN NEWS'- '연합뉴스TV'
7, '[YTN LIVE] 대한민국 24시간 뉴스 채널 YTN', 'YTN NEWS', '연합뉴스TV'- 'YTN NEWS'
8, '연합뉴스TV 생방송 (LIVE & NEWS)', '연합뉴스TV', 'YTN NEWS'- '연합뉴스TV'
9, '[YTN LIVE] 대한민국 24시간 뉴스 채널 YTN', 'YTN NEWS', '연합뉴스TV'- 'YTN NEWS'
10, '연합뉴스TV 생방송 (LIVE & NEWS)', '연합뉴스TV', 'YTN NEWS'- '연합뉴스TV'
11, '[YTN LIVE] 대한민국 24시간 뉴스 채널 YTN', 'YTN NEWS', '연합뉴스TV'- 'YTN NEWS'
12, '연합뉴스TV 생방송 (LIVE & NEWS)', '연합뉴스TV', 'YTN NEWS'- '연합뉴스TV'
13, '[YTN LIVE] 대한민국 24시간 뉴스 채널 YTN', 'YTN NEWS', '연합뉴스TV'- 'YTN NEWS'
14, '연합뉴스TV 생방송 (LIVE & NEWS)', '연합뉴스TV', 'YTN NEWS'- '연합뉴스TV'
15, '[YTN LIVE] 대한민국 24시간 뉴스 채널 YTN', 'YTN NEWS', '연합뉴스TV'- 'YTN NEWS'
16, '연합뉴스TV 생방송 (LIVE & NEWS)', '연합뉴스TV', 'YTN NEWS'- '연합뉴스TV'
17, '[YTN LIVE] 대한민국 24시간 뉴스 채널 YTN', 'YTN NEWS', '연합뉴스TV'- 'YTN NEWS'
18," '박형철 ""첩보 별도로 받아""…백원우 주장과 정면 대치 / SBS / 주영진의 뉴스브리핑'", 'SBS 뉴스', 'YTN NEWS'- 'SBS 뉴스'
19, '檢, '채널A 뉴스', 'SBS 뉴스'- '채널A 뉴스'
20, 서초경찰서 전격 압수수색…휴대전화·유서 확보 | 뉴스A', '채널A 뉴스', '채널A 뉴스'- '채널A 뉴스'
21, '박종진의 쾌도난마 - 고영환, '연합뉴스TV', '채널A 뉴스'- '연합뉴스TV'
22, 북한체제 왜 무너지지 않을까?_채널A', 'YTN DMB', '연합뉴스TV'- 'YTN DMB'
23, '연합뉴스TV 생방송 (LIVE & NEWS)', '연합뉴스TV', 'YTN DMB'- '연합뉴스TV'
24, 'YTN DMB LIVE', 'YTN NEWS', '연합뉴스TV'- 'YTN NEWS'
25, '연합뉴스TV 생방송 (LIVE & NEWS)', '연합뉴스TV', 'YTN NEWS'- '연합뉴스TV'
26, '[YTN LIVE] 대한민국 24시간 뉴스 채널 YTN', 'YTN NEWS', '연합뉴스TV'- 'YTN NEWS'
27, '연합뉴스TV 생방송 (LIVE & NEWS)', '한국경제TV', 'YTN NEWS'- '한국경제TV'
28, '[YTN LIVE] 대한민국 24시간 뉴스 채널 YTN', '연합뉴스TV', '한국경제TV'- '연합뉴스TV'
29, '[한국경제TV LIVE] No.1 경제/증권 채널', 'YTN NEWS', '연합뉴스TV'- 'YTN NEWS'
30, '연합뉴스TV 생방송 (LIVE & NEWS)', '연합뉴스TV', 'YTN NEWS'- '연합뉴스TV'
31, '[YTN LIVE] 대한민국 24시간 뉴스 채널 YTN', 'YTN NEWS', '연합뉴스TV'- 'YTN NEWS'
32, '연합뉴스TV 생방송 (LIVE & NEWS)', '연합뉴스TV', 'YTN NEWS'- '연합뉴스TV'
33, '[YTN LIVE] 대한민국 24시간 뉴스 채널 YTN', 'YTN NEWS', '연합뉴스TV'- 'YTN NEWS'
34, '연합뉴스TV 생방송 (LIVE & NEWS)', '연합뉴스TV', 'YTN NEWS'- '연합뉴스TV'
35, '[YTN LIVE] 대한민국 24시간 뉴스 채널 YTN', 'YTN NEWS', '연합뉴스TV'- 'YTN NEWS'
36, '연합뉴스TV 생방송 (LIVE & NEWS)', 'YTN NEWS', 'YTN NEWS'- 'YTN NEWS'
37, '[YTN LIVE] 대한민국 24시간 뉴스 채널 YTN', 'YTN NEWS', 'YTN NEWS'- 'YTN NEWS'
38," ""당직자 총사퇴 4시간 만에 '친황 체제' 구축 / YTN""", 'OhmynewsTV', 'YTN NEWS'- 'OhmynewsTV'
39," ""檢", '연합뉴스 Yonhapnews', 'OhmynewsTV'- '연합뉴스 Yonhapnews'
40," 숨진 수사관 휴대전화 확보...'하명 의혹' 규명 단서 담겼나? / YTN""", 'tbs 시민의방송', '연합뉴스 Yonhapnews'- 'tbs 시민의방송'
41," '최민희 ""탈탈 털어도 문제없는 조국 수사", 'YTN NEWS', 'tbs 시민의방송'- 'YTN NEWS'
42," 검찰은 당장 멈춰라!""'", 'MBCNEWS', 'YTN NEWS'- 'MBCNEWS'
43," '유시민 ""조국-유재수 일면식 없다…검찰 알고도 연결고리 조사"" / 연합뉴스 (Yonhapnews)'", 'tbs 시민의방송', 'MBCNEWS'- 'tbs 시민의방송'
44, '법원, 'tbs 시민의방송', 'tbs 시민의방송'- 'tbs 시민의방송'
45, 정경심 공소장 잇단 지적...왜?! (양지열, 'tbs 시민의방송', 'tbs 시민의방송'- 'tbs 시민의방송'
46,장용진, 'tbs 시민의방송', 'tbs 시민의방송'- 'tbs 시민의방송'
47,신장식)│김어준의 뉴스공장', 'tbs 시민의방송', 'tbs 시민의방송'- 'tbs 시민의방송'
48, '법원, 'tbs 시민의방송', 'tbs 시민의방송'- 'tbs 시민의방송'
49," 정경심 재판 병합 보류...""공소사실 동일성 의문"" / YTN'", 'tbs 시민의방송', 'tbs 시민의방송'- 'tbs 시민의방송'
50," '15분 만에 끝난 정경심 첫 재판…""사건 기록 보여줘라"" (2019.10.18/뉴스데스크/MBC)'", 'tbs 시민의방송', 'tbs 시민의방송'- 'tbs 시민의방송'
51," ""[뉴스공장 외전 '더 룸'] 92회 LIVE / 12월 2일 (월)""", 'tbs 시민의방송', 'tbs 시민의방송'- 'tbs 시민의방송'
52, '12월2일(월) 김어준의 뉴스공장 LIVE / tbsTV & FM', 'tbs 시민의방송', 'tbs 시민의방송'- 'tbs 시민의방송'
53," ""[뉴스공장 외전 '더 룸'] 92회 LIVE / 12월 2일 (월)""", 'tbs 시민의방송', 'tbs 시민의방송'- 'tbs 시민의방송'
54, '12월2일(월) 김어준의 뉴스공장 LIVE / tbsTV & FM', 'tbs 시민의방송', 'tbs 시민의방송'- 'tbs 시민의방송'
55," ""[뉴스공장 외전 '더 룸'] 92회 LIVE / 12월 2일 (월)""", 'tbs 시민의방송', 'tbs 시민의방송'- 'tbs 시민의방송'
56, '[뉴스공장 레전드 13화] 국정원 댓글 조작부터 일본 만행까지! 김어준이 극찬한 고퀄 다큐멘터리 대공개', 'tbs 시민의방송', 'tbs 시민의방송'- 'tbs 시민의방송'
57," ""[뉴스공장 외전 '더 룸'] 92회 LIVE / 12월 2일 (월)""", 'tbs 시민의방송', 'tbs 시민의방송'- 'tbs 시민의방송'
58, '[11/26]김관영, 'tbs 시민의방송', 'tbs 시민의방송'- 'tbs 시민의방송'
59,이석재, 'tbs 시민의방송', 'tbs 시민의방송'- 'tbs 시민의방송'
60,이재현, 'YTN 돌발영상', 'tbs 시민의방송'- 'YTN 돌발영상'
61,이상호, 'tbs 시민의방송', 'YTN 돌발영상'- 'tbs 시민의방송'
62,한동만│김어준의 뉴스공장', 'tbs 시민의방송', 'tbs 시민의방송'- 'tbs 시민의방송'
63," ""[뉴스공장 외전 '더 룸'] 92회 LIVE / 12월 2일 (월)""", 'tbs 시민의방송', 'tbs 시민의방송'- 'tbs 시민의방송'
64," ""[뉴스공장 외전 '더 룸'] 91회 FULL / 11월 28일 (목)""", 'tbs 시민의방송', 'tbs 시민의방송'- 'tbs 시민의방송'
65," ""[뉴스공장 외전 '더 룸'] 92회 LIVE / 12월 2일 (월)""", 'tbs 시민의방송', 'tbs 시민의방송'- 'tbs 시민의방송'
66, '[3회 하이라이트] 우리 MC들이 캠페인활동을 한다고?? | Oh! 마이로드 시즌2', 'tbs 시민의방송', 'tbs 시민의방송'- 'tbs 시민의방송'
67," ""[뉴스공장 외전 '더 룸'] 92회 LIVE / 12월 2일 (월)""", 'tbs 시민의방송', 'tbs 시민의방송'- 'tbs 시민의방송'
68," '""우리 아이는 협상 카드가 아니에요!""_버는 돈 40%는 착취? 갑질에 우는 대리운전기사_형제복지원 피해자의 울분[TV민생연구소/안진걸/곽현화/박철민]'", 'tbs 시민의방송', 'tbs 시민의방송'- 'tbs 시민의방송'
69," ""[뉴스공장 외전 '더 룸'] 92회 LIVE / 12월 2일 (월)""", 'tbs 시민의방송', 'tbs 시민의방송'- 'tbs 시민의방송'
70," '""우리가 목숨 걸고 단식하는 이유는..."" 형제복지원 피해자들의 호소[TV민생연구소/안진걸/곽현화/박철민]'", 'tbs 시민의방송', 'tbs 시민의방송'- 'tbs 시민의방송'
71," ""[뉴스공장 외전 '더 룸'] 92회 LIVE / 12월 2일 (월)""", 'tbs 시민의방송', 'tbs 시민의방송'- 'tbs 시민의방송'
72, '[돌발영상] 여론을 움직여라! / YTN', 'tbs 시민의방송', 'tbs 시민의방송'- 'tbs 시민의방송'
73, '‘쎈돌’ 24년 바둑인생, 'Travel Tube', 'tbs 시민의방송'- 'Travel Tube'
74, 프로 활동을 마치며(이세돌)│김어준의 뉴스공장', '77튜브', 'Travel Tube'- '77튜브'
75," ""[뉴스공장 외전 '더 룸'] 92회 LIVE / 12월 2일 (월)""", '77튜브', '77튜브'- '77튜브'
76," '""공수처-선거법 분리대응해야...\'선이후난\'""(박지원)│김어준의 뉴스공장'", '김기자', '77튜브'- '김기자'
77," ""[뉴스공장 외전 '더 룸'] 92회 LIVE / 12월 2일 (월)""", '아이게스', '김기자'- '아이게스'
78, '11월28일(목) 김어준의 뉴스공장 LIVE / tbsTV & FM', '콕콕 ISSUE', '아이게스'- '콕콕 ISSUE'
79," ""[뉴스공장 외전 '더 룸'] 92회 LIVE / 12월 2일 (월)""", '비보이의 세계 일주[Bruce Lee TV]', '콕콕 ISSUE'- '비보이의 세계 일주[Bruce Lee TV]'
80, '의회 민주주의를 누가 막고 있는가? [김어준 생각 | 김어준의 뉴스공장]', 'Scene Taker', '비보이의 세계 일주[Bruce Lee TV]'- 'Scene Taker'
81," ""[뉴스공장 외전 '더 룸'] 92회 LIVE / 12월 2일 (월)""", '서울점집 수연궁', 'Scene Taker'- '서울점집 수연궁'
82, '교회협“전광훈 발언 무시해달라”이유는? (최형묵) | 김어준의 뉴스공장', '오인분', '서울점집 수연궁'- '오인분'
83," ""[뉴스공장 외전 '더 룸'] 92회 LIVE / 12월 2일 (월)""", '백수1티어', '오인분'- '백수1티어'
84, '[Oh! 마이로드 시즌2] 락(樂)원상가 리턴즈 3회 FULL', 'I M Shook', '백수1티어'- 'I M Shook'
85," ""[뉴스공장 외전 '더 룸'] 92회 LIVE / 12월 2일 (월)""", 'SBS Culture', 'I M Shook'- 'SBS Culture'
86," '일본이 큰 함정에 빠져버렸다며 전세계가 크게 놀란 현상황 ""아베의 초강력 반전카드 알고보니 대재앙""'", 'SBS Culture', 'SBS Culture'- 'SBS Culture'
87, '스텔스로 바다에 숨어서 핵탄도미사일까지 잡는 한국산 최초 구축함 개발', 'SBS Culture', 'SBS Culture'- 'SBS Culture'
88," '아세안 국가들이 한국을 형님이라 부르며 존경하는 이유 ""동남아에서 일본의 지위가 흔들린다""'", 'SBS Culture', 'SBS Culture'- 'SBS Culture'
89," ""필리핀을 울려버린 '한국인 대학생의 작은선행'""", 'SBS Culture', 'SBS Culture'- 'SBS Culture'
90, '[현지반응] 손흥민! 경기장을 찾은 삼대에게 유니폼 선물! 이걸 본 현지팬들 반응! (토트넘 v 웨스트햄)', 'tbs 시민의방송', 'SBS Culture'- 'tbs 시민의방송'
91," ""세계인이 기절하는 한국의 겨울 과학 '온돌'의 우수성""", 'tbs 시민의방송', 'tbs 시민의방송'- 'tbs 시민의방송'
92, '한국 비보이가 춤 못 추는 척 하다가 갑자기 비보잉을 했더니 반응이ㅋㅋ / 쿠바 비보이 몰카 [쿠바 여행#14]', 'tbs 시민의방송', 'tbs 시민의방송'- 'tbs 시민의방송'
93, '버스에서 양아치를 만난 마동석 (feat.여고생)', 'tbs 시민의방송', 'tbs 시민의방송'- 'tbs 시민의방송'
94, '황당한 주차에 대한 사이다응징 #2 황당주차 블랙박스 영상. 김여사 레전드 황당한주차편. [핫짤모음]', 'tbs 시민의방송', 'tbs 시민의방송'- 'tbs 시민의방송'
95, '(반전의 반전?!) 동네 아저씨한테 시비걸던 일찐들의 최후!! [오인분 상황극]', 'tbs 시민의방송', 'tbs 시민의방송'- 'tbs 시민의방송'
96, '세계 근육1위 랭커 할아버지 변장후 참교육', 'tbs 시민의방송', 'tbs 시민의방송'- 'tbs 시민의방송'
97, '호신술계에 최연소 형제가 떴다? @놀라운 대회 스타킹 130810', 'tbs 시민의방송', 'tbs 시민의방송'- 'tbs 시민의방송'
98, 'SBS TV동물농장 (Ep.640) 다시보기 #6(2)', 'tbs 시민의방송', 'tbs 시민의방송'- 'tbs 시민의방송'
99, '오매불망 복실이 @TV동물농장 20130714', 'JTBC News', 'tbs 시민의방송'- 'JTBC News'
100, 'TV동물농장(510회)_08', 'tbs 시민의방송', 'JTBC News'- 'tbs 시민의방송'
101, 'TV동물농장(510회)_10', '김용민TV', 'tbs 시민의방송'- '김용민TV'
102, 'TV동물농장(510회)_12', 'tbs 시민의방송', '김용민TV'- 'tbs 시민의방송'
103," ""[뉴스공장 외전 '더 룸'] 92회 LIVE / 12월 2일 (월)""", 'tbs 시민의방송', 'tbs 시민의방송'- 'tbs 시민의방송'
104, '“어린이 안전법, 'tbs 시민의방송', 'tbs 시민의방송'- 'tbs 시민의방송'
105, 협상카드가 아닙니다”(민식이·해인이·태호 아빠)│김어준의 뉴스공장', '미디어오늘', 'tbs 시민의방송'- '미디어오늘'
106," ""[뉴스공장 외전 '더 룸'] 92회 LIVE / 12월 2일 (월)""", '미디어오늘', '미디어오늘'- '미디어오늘'
107," ""[뉴스공장 외전 '더 룸'] 71회 FULL / 10월 24일 (목)""", '심상정공식유튜브', '미디어오늘'- '심상정공식유튜브'
108," ""[뉴스공장 외전 '더 룸'] 92회 LIVE / 12월 2일 (월)""", '심상정공식유튜브', '심상정공식유튜브'- '심상정공식유튜브'
109," '청와대 하명수사? ""울산경찰", '노컷브이', '심상정공식유튜브'- '노컷브이'
110," 김기현 전 시장 소환한적 없어""(황운하)│김어준의 뉴스공장'", 'HankyorehTV', '노컷브이'- 'HankyorehTV'
111," ""[뉴스공장 외전 '더 룸'] 92회 LIVE / 12월 2일 (월)""", 'VIDEOMUG비디오머그', 'HankyorehTV'- 'VIDEOMUG비디오머그'
112, '‘숲소리’ 가수 김장훈, '한겨레 영상뉴스', 'VIDEOMUG비디오머그'- '한겨레 영상뉴스'
113, ‘7년의 밤’ 작가 정유정과 함께하는 음악여행 [tbs TV] 아닌 밤중에 주진우입니다 9회(11/30토 본방)', 'tbs 시민의방송', '한겨레 영상뉴스'- 'tbs 시민의방송'
114," ""[뉴스공장 외전 '더 룸'] 92회 LIVE / 12월 2일 (월)""", 'YTN NEWS', 'tbs 시민의방송'- 'YTN NEWS'
115, '[팩트체크] 햄과 소시지, '연합뉴스TV', 'YTN NEWS'- '연합뉴스TV'
116, 정말 담배만큼 위험한가', 'tbs 시민의방송', '연합뉴스TV'- 'tbs 시민의방송'
117," ""[뉴스공장 외전 '더 룸'] 92회 LIVE / 12월 2일 (월)""", 'tbs 시민의방송', 'tbs 시민의방송'- 'tbs 시민의방송'
118," '[관훈라이트클럽] ""윤석열에 미안하다"" 섣부른 오보 대참사'", 'tbs 시민의방송', 'tbs 시민의방송'- 'tbs 시민의방송'
119," ""[뉴스공장 외전 '더 룸'] 92회 LIVE / 12월 2일 (월)""", 'tbs 시민의방송', 'tbs 시민의방송'- 'tbs 시민의방송'
120, '[팩트on] 가짜뉴스 쓴 기자, 'CBS시사자키 정관용입니다', 'tbs 시민의방송'- 'CBS시사자키 정관용입니다'
121, 처벌받을까?', '미디어오늘', 'CBS시사자키 정관용입니다'- '미디어오늘'
122," ""[뉴스공장 외전 '더 룸'] 92회 LIVE / 12월 2일 (월)""", '노컷브이', '미디어오늘'- '노컷브이'
123, '이해찬 강경 “한국당, 'YTN RADIO', '노컷브이'- 'YTN RADIO'
124, 비쟁점 법안 필리버스터 않겠다고 공개 약속해야 대화”', 'tbs 시민의방송', 'YTN RADIO'- 'tbs 시민의방송'
125, '장제원 쇼에 민주당 의원들 감탄사 날린 사연', '영순이해외선물', 'tbs 시민의방송'- '영순이해외선물'
126, '심상정 화났다. 국정감사 폭풍 사자후 작렬 by 심상정 선대위', 'tbs 시민의방송', '영순이해외선물'- 'tbs 시민의방송'
127, '터졌다, '연합뉴스TV', 'tbs 시민의방송'- '연합뉴스TV'
128, 심상정 빛고을 사자후, '연합뉴스TV', '연합뉴스TV'- '연합뉴스TV'
129," “지난 30년 민주당에 몰빵하지 않으셨습니까?"" by 심상정 선대위'", '연합뉴스TV', '연합뉴스TV'- '연합뉴스TV'
130, '[NocutView] 필리버스터를 지켜본 새누리당 의원들 남긴 것', '연합뉴스TV', '연합뉴스TV'- '연합뉴스TV'
131, '[360도 영상] 문재인후보의 인터뷰 2분전 풍경', 'YTN NEWS', '연합뉴스TV'- 'YTN NEWS'
132, '아닛! 이런 기적의 논리가!? 전희경 의원 논리에 정색한 이낙연 총리 / 비디오머그', '연합뉴스TV', 'YTN NEWS'- '연합뉴스TV'
133, '전희경 “주사파가 청와대 장악”…임종석 “그게 질의냐” 반발', '연합뉴스TV', '연합뉴스TV'- '연합뉴스TV'
134," ""[뉴스공장 외전 '더 룸'] 92회 LIVE / 12월 2일 (월)""", '연합뉴스TV', '연합뉴스TV'- '연합뉴스TV'
135, '필리버스터에 국회 마비...여야 여론전 계속 / YTN', '연합뉴스TV', '연합뉴스TV'- '연합뉴스TV'
136, '연합뉴스TV 생방송 (LIVE & NEWS)', '연합뉴스TV', '연합뉴스TV'- '연합뉴스TV'
137, '한국당 필리버스터 “혼나야 할 민생인질극”(우상호)│김어준의 뉴스공장', '연합뉴스TV', '연합뉴스TV'- '연합뉴스TV'
138," ""[뉴스공장 외전 '더 룸'] 92회 LIVE / 12월 2일 (월)""", 'YTN NEWS', '연합뉴스TV'- 'YTN NEWS'
139, '11월29일(금) 김어준의 뉴스공장 LIVE / tbsTV & FM', 'JTBC News', 'YTN NEWS'- 'JTBC News'
140," ""[뉴스공장 외전 '더 룸'] 92회 LIVE / 12월 2일 (월)""", 'tbs 시민의방송', 'JTBC News'- 'tbs 시민의방송'
141," '김종대 “나경원 북미회담 자제? 한국당은 평화가 위협인가""｜수요국회 여의도베테랑｜김종대 정의당 의원｜시사자키 정관용입니다'", '연합뉴스TV', 'tbs 시민의방송'- '연합뉴스TV'
142, '정의당 김종대 새 안보 시각 , '연합뉴스TV', '연합뉴스TV'- '연합뉴스TV'
143, “독도 러·일 제압, '연합뉴스TV', '연합뉴스TV'- '연합뉴스TV'
144, 100년의 트라우마 씻어...안보 성공”', '연합뉴스TV', '연합뉴스TV'- '연합뉴스TV'
145," '""한국당", '연합뉴스TV', '연합뉴스TV'- '연합뉴스TV'
146," 썩은 물만 가득""…한국당 초청강사", '연합뉴스TV', '연합뉴스TV'- '연합뉴스TV'
147, YS추모행사서 작심 쓴소리', '연합뉴스TV', '연합뉴스TV'- '연합뉴스TV'
148, '홍성걸 “북미회담 열지 말아달라? 나경원 발언 상당히 부적절” 11.28(목) 출발새아침 4부/ YTN 라디오', '연합뉴스TV', '연합뉴스TV'- '연합뉴스TV'
149," ""[뉴스공장 외전 '더 룸'] 92회 LIVE / 12월 2일 (월)""", 'YTN NEWS', '연합뉴스TV'- 'YTN NEWS'
150, '영순이해외선물 외로운 파생시장 함께 의논하며 수익 만들어요~!!!힐링소통매매 ~~~~!(박호두 권디디 비트코인 리니지 주식 여캠)', 'YTN NEWS', 'YTN NEWS'- 'YTN NEWS'
151," ""[뉴스공장 외전 '더 룸'] 92회 LIVE / 12월 2일 (월)""", '연합뉴스TV', 'YTN NEWS'- '연합뉴스TV'
152, '[기업비사] 60회 : 이병철 딸 & 이건희 딸 / 연합뉴스TV (Yonhapnews TV)', '연합뉴스TV', '연합뉴스TV'- '연합뉴스TV'
153, '연합뉴스TV 생방송 (LIVE & NEWS)', '연합뉴스TV', '연합뉴스TV'- '연합뉴스TV'
154, '[북한은 오늘] 북한 군이 군사분계선을 넘는 이유', '연합뉴스TV', '연합뉴스TV'- '연합뉴스TV'
155, '연합뉴스TV 생방송 (LIVE & NEWS)', '연합뉴스TV', '연합뉴스TV'- '연합뉴스TV'
156, '[YTN LIVE] 대한민국 24시간 뉴스 채널 YTN', 'YTN NEWS', '연합뉴스TV'- 'YTN NEWS'
157, '靑 특감반원 출신 검찰 수사관 숨진 채 발견 / 연합뉴스TV (YonhapnewsTV)', 'YTN NEWS', 'YTN NEWS'- 'YTN NEWS'
158, '연합뉴스TV 생방송 (LIVE & NEWS)', '연합뉴스TV', 'YTN NEWS'- '연합뉴스TV'
159," ""'유재수 감찰 무마 의혹'…靑·여권 향하는 수사 / 연합뉴스TV (YonhapnewsTV)""", '연합뉴스TV', '연합뉴스TV'- '연합뉴스TV'
160, '연합뉴스TV 생방송 (LIVE & NEWS)', '연합뉴스TV', '연합뉴스TV'- '연합뉴스TV'
161," '""철저히 규명""…사인 놓고는 청-검 신경전 / 연합뉴스TV (YonhapnewsTV)'", 'KBS News', '연합뉴스TV'- 'KBS News'
162, '연합뉴스TV 생방송 (LIVE & NEWS)', 'YTN SCIENCE', 'KBS News'- 'YTN SCIENCE'
163," '트럼프 ""완전히 파괴"" 노골적인 北 때리기 / YTN'", 'Yousu Kim', 'YTN SCIENCE'- 'Yousu Kim'
164, '밤샘토론 21회 - 전작권 환수 연기, '임진민', 'Yousu Kim'- '임진민'
165, 주권 포기 vs 불가피한 선택', '플레이앤드', '임진민'- '플레이앤드'
166," ""[뉴스공장 외전 '더 룸'] 92회 LIVE / 12월 2일 (월)""", 'indar Rai', '플레이앤드'- 'indar Rai'
167, '靑 특감반원 출신 검찰 수사관 숨진 채 발견 / 연합뉴스TV (YonhapnewsTV)', 'dksk shin', 'indar Rai'- 'dksk shin'
168, '연합뉴스TV 생방송 (LIVE & NEWS)', 'Algol', 'dksk shin'- 'Algol'
169, '[이슈진단] 강대국의 최첨단 무기 개발 현 주소는? / 연합뉴스TV (Yonhapnews TV)', '12tune', 'Algol'- '12tune'
170, '연합뉴스TV 생방송 (LIVE & NEWS)', 'KMCandBT', '12tune'- 'KMCandBT'
171," '조응천 ""조국 정국서 많은 의원들 괴로워했다"" / 연합뉴스TV (YonhapnewsTV)'", '5MadMovieMakers', 'KMCandBT'- '5MadMovieMakers'
172, '연합뉴스TV 생방송 (LIVE & NEWS)', 'Honda Suisse', '5MadMovieMakers'- 'Honda Suisse'
173, '[날씨] 내일까지 충남·전북 큰 눈…출근길 영하권 추위 / 연합뉴스TV (YonhapnewsTV)', 'WebRidesTV', 'Honda Suisse'- 'WebRidesTV'
174, '연합뉴스TV 생방송 (LIVE & NEWS)', '3M', 'WebRidesTV'- '3M'
175," '""나경원", 'JTBC3 FOX Sports', '3M'- 'JTBC3 FOX Sports'
176," 매국 세력"" 비난에도 ""할 말 했다"" 박수친 한국당 / YTN'", 'SPHiNX', 'JTBC3 FOX Sports'- 'SPHiNX'
177," '""나경원", 'KBS뉴스 대전', 'SPHiNX'- 'KBS뉴스 대전'
178," 매국 세력"" 비난에도 ""할 말 했다"" 박수친 한국당 / YTN'", '광주MBC뉴스', 'KBS뉴스 대전'- '광주MBC뉴스'
179, '연합뉴스TV 생방송 (LIVE & NEWS)', '놀이동산 놀이기구 완전 정복 ᄏᄏᄏ', '광주MBC뉴스'- '놀이동산 놀이기구 완전 정복 ᄏᄏᄏ'
180, '[날씨] 내일 아침 영하권 추위…충남·전북 최고 8㎝ 눈 / 연합뉴스TV (YonhapnewsTV)', '물축꾸리', '놀이동산 놀이기구 완전 정복 ᄏᄏᄏ'- '물축꾸리'
181, '[날씨] 내일 아침 영하권 추위…서울 오전 눈발 / 연합뉴스TV (YonhapnewsTV)', 'SBS Entertainment', '물축꾸리'- 'SBS Entertainment'
182, '[날씨] 내일 아침 영하권 추위…서울 오전 눈발 / 연합뉴스TV (YonhapnewsTV)', 'SBS Culture', 'SBS Entertainment'- 'SBS Culture'
183, '[날씨] 휴일 전국 비…12월, 'SBS Culture', 'SBS Culture'- 'SBS Culture'
184, 겨울 성큼 / 연합뉴스TV (YonhapnewsTV)', 'SBS Culture', 'SBS Culture'- 'SBS Culture'
185, '[내일의 바다날씨] 12월 1일 반짝 추위 찾아와 황해 동해상 강한 바람과 높은 물결 예상 / YTN (Yes! Top News)', 'SBS Culture', 'SBS Culture'- 'SBS Culture'
186, '[날씨] 주말까지 늦가을...내일 전국 비·눈 / YTN', 'SBS Culture', 'SBS Culture'- 'SBS Culture'
187, '[날씨] 흐린 하늘, 'SBS Culture', 'SBS Culture'- 'SBS Culture'
188, 일요일 비…겨울 추위 성큼 / 연합뉴스TV (YonhapnewsTV)', 'SBS Culture', 'SBS Culture'- 'SBS Culture'
189, '[날씨] 주말 흐려져…내일 비 오며 겨울 추위 / 연합뉴스TV (YonhapnewsTV)', 'SBS Culture', 'SBS Culture'- 'SBS Culture'
190, '[날씨] 주말 흐려져…내일 비 오며 겨울 추위 / 연합뉴스TV (YonhapnewsTV)', '고양이산책', 'SBS Culture'- '고양이산책'
191, '유튜브 구독자 100만 돌파…‘펭수’ 전성시대 / KBS뉴스(News)', '허팝Heopop', '고양이산책'- '허팝Heopop'
192, '바닷속 지반위에 해저터널이 있다? / YTN 사이언스', '허팝Heopop', '허팝Heopop'- '허팝Heopop'
193, '중량물 120톤 변압기 운송', '허팝Heopop', '허팝Heopop'- '허팝Heopop'
194, '[철도영상]미군 장비 수송열차 우암선 통과(에이브람스전차)', 'SBS Culture', '허팝Heopop'- 'SBS Culture'
195, '자동차 스마트키 배터리 없을 때 시동걸기', 'SBS Culture', 'SBS Culture'- 'SBS Culture'
196," ""1회 충전으로 1000km 달리는 '꿈의 전기차 배터리' 등장""", 'SBS Culture', 'SBS Culture'- 'SBS Culture'
197, '비행기에서 본 히말라야', 'SBS TV동물농장x애니멀봐 공식 유튜브 채널입니다!', 'SBS Culture'- 'SBS TV동물농장x애니멀봐 공식 유튜브 채널입니다!'
198, '태양계 행성 크기 비교 Got Balls (한국어)', 'SBS Culture', 'SBS TV동물농장x애니멀봐 공식 유튜브 채널입니다!'- 'SBS Culture'
199, 'got balls - planet size comparison, 'SBS Culture', 'SBS Culture'- 'SBS Culture'
200, 12tune', 'SBS Culture', 'SBS Culture'- 'SBS Culture'
201, 'LEGO DAM BREACH AND SAND CASTLE - TOTAL FLOOD AND DESTROY', 'SBS Culture', 'SBS Culture'- 'SBS Culture'
202, 'Hot Wheels Boosted', 'SBS Culture', 'SBS Culture'- 'SBS Culture'
203, 'Honda - The Cog', 'SBS Culture', 'SBS Culture'- 'SBS Culture'
204, 'Honda - The Cog', 'SBS Culture', 'SBS Culture'- 'SBS Culture'
205, '3M Brand Rube Goldberg Machine', 'SBS Culture', 'SBS Culture'- 'SBS Culture'
206, '[아시안컵] 박항서 매직-베트남vs요르단 16강 승부차기', 'SBS Culture', 'SBS Culture'- 'SBS Culture'
207, '화제의 양예빈 선수 실력은... 400M 결승 경기 FULL ver.', 'SBS Culture', 'SBS Culture'- 'SBS Culture'
208, '양예빈 200m, 'SBS Culture', 'SBS Culture'- 'SBS Culture'
209, 400m 대회신기록 달성!', '연합뉴스TV', 'SBS Culture'- '연합뉴스TV'
210, '[뉴스투데이]목포-제주 해저터널 현실화되나?', '연합뉴스TV', '연합뉴스TV'- '연합뉴스TV'
211, '5초 후 저 비행기의 운명은??(자막) / 착륙하는 방향이 틀려...ㅠㅠ / 비행기 항공 사고? 측풍착륙~~~', '연합뉴스TV', '연합뉴스TV'- '연합뉴스TV'
212, '도대체 이 대 낚시대 무슨 일이 일어 난 거야 ?? 작은 도랑 대 반전', '연합뉴스TV', '연합뉴스TV'- '연합뉴스TV'
213, '반전매력, '연합뉴스TV', '연합뉴스TV'- '연합뉴스TV'
214, 야생 삵 나비 @TV동물농장 140413', '연합뉴스TV', '연합뉴스TV'- '연합뉴스TV'
215," ""침팬지 관순이 재등장", '연합뉴스TV', '연합뉴스TV'- '연합뉴스TV'
216," 오랑우탄 보남이와 '티격태격' @TV동물농장 140504""", '연합뉴스TV', '연합뉴스TV'- '연합뉴스TV'
217, 'TV 동물농장 468회_02', '부산MBC뉴스', '연합뉴스TV'- '부산MBC뉴스'
218, 'TV 동물농장 468회_04', '연합뉴스TV', '부산MBC뉴스'- '연합뉴스TV'
219, 'TV 동물농장 468회_06', '연합뉴스TV', '연합뉴스TV'- '연합뉴스TV'
220, 'TV 동물농장 468회_08', '연합뉴스TV', '연합뉴스TV'- '연합뉴스TV'
221, 'TV 동물농장 468회_10', 'YTN NEWS', '연합뉴스TV'- 'YTN NEWS'
222, '[서산 10남매]의 특별한 설맞이 @토요특집 모닝와이드 140201', 'YTN NEWS', 'YTN NEWS'- 'YTN NEWS'
223, '고양이 닮은 미니 치타 사바나 캣, 'YTN NEWS', 'YTN NEWS'- 'YTN NEWS'
224, 집착 모성애 @TV동물농장 140504', '연합뉴스TV', 'YTN NEWS'- '연합뉴스TV'
225, '고양이설사... 살려주세요 : 새끼고양이 스토리 3편 | 고양이 산책', '연합뉴스TV', '연합뉴스TV'- '연합뉴스TV'
226, '행동대장1탄 강남 한복판에서 쓰레기 줍는 사람에게 아이폰XS주는데 나타날까요?! (Give the iPhone XS to a person who picks up trash)', '연합뉴스TV', '연합뉴스TV'- '연합뉴스TV'
227, '무엇이든 다먹는다는 식충식물을 키우게 되었습니다! - 허팝 (insect-eating plant)', '연합뉴스TV', '연합뉴스TV'- '연합뉴스TV'
228, '즉석으로 만들어주는 햄버거 자판기가 있다! 감자튀김에 치킨까지?! - 허팝 (Hamburger Vending Machine)', '연합뉴스TV', '연합뉴스TV'- '연합뉴스TV'
229, '한우 햄버거의 달인 @생활의 달인 130909', '연합뉴스TV', '연합뉴스TV'- '연합뉴스TV'
230, '20130825 TV동물농장 #2(9)', 'YTN NEWS', '연합뉴스TV'- 'YTN NEWS'
231, 'TV 동물농장 612회 #11', '연합뉴스TV', 'YTN NEWS'- '연합뉴스TV'
232, '길잃고 자책하는 침팬지와 불독 / 인형뽑기 후 춤추고 / 버스서 졸다 히치하이킹까지!!', '연합뉴스TV', '연합뉴스TV'- '연합뉴스TV'
233, 'TV동물농장 130825 다시보기 #1(9)', '연합뉴스TV', '연합뉴스TV'- '연합뉴스TV'
234, '멍이(개)-양이(고양이), 'YTN NEWS', '연합뉴스TV'- 'YTN NEWS'
235, 단짝 커플 @TV동물농장 140119', 'YTN NEWS', 'YTN NEWS'- 'YTN NEWS'
236, 'TV 동물농장 486회_07', '연합뉴스TV', 'YTN NEWS'- '연합뉴스TV'
237, 'TV 동물농장 486회_09', '연합뉴스TV', '연합뉴스TV'- '연합뉴스TV'
238, 'TV 동물농장 486회_11', '연합뉴스TV', '연합뉴스TV'- '연합뉴스TV'
239, 'TV 동물농장 486회_13', '연합뉴스TV', '연합뉴스TV'- '연합뉴스TV'
240, '가출 패닐리 서산 백구파@TV동물농장 131222', '연합뉴스TV', '연합뉴스TV'- '연합뉴스TV'
241, '91세 할머니의 놀라운 체력 @순간 포착 세상에 이런 일이 141120', '연합뉴스TV', '연합뉴스TV'- '연합뉴스TV'
242, '새끼를 외면한 어미 호랑이 호야 @TV동물농장 140713', '연합뉴스TV', '연합뉴스TV'- '연합뉴스TV'
243, '순간포착 세상에 이런일이(임성훈, '연합뉴스TV', '연합뉴스TV'- '연합뉴스TV'
244,박소현) 130912 #14(6)', 'YTN NEWS', '연합뉴스TV'- 'YTN NEWS'
245, 'TV동물농장 587회 #4', '연합뉴스TV', 'YTN NEWS'- '연합뉴스TV'
246, '[날씨] 밤사이 동해안 눈·비…내일 전국 흐리고 쌀쌀 / 연합뉴스TV (YonhapnewsTV)', '연합뉴스TV', '연합뉴스TV'- '연합뉴스TV'
247, '[날씨트리] 동해안 새벽까지 눈·비…내일 전국 흐리고 쌀쌀 / 연합뉴스TV (YonhapnewsTV)', '연합뉴스TV', '연합뉴스TV'- '연합뉴스TV'
248, '[날씨트리] 내일 맑고 기온 올라…제주 아침까지 비 / 연합뉴스TV (YonhapnewsTV)', '연합뉴스TV', '연합뉴스TV'- '연합뉴스TV'
249, '[날씨트리] 내일 기온 다소 내려가…동해안 많은 눈·비 / 연합뉴스TV (YonhapnewsTV)', '연합뉴스TV', '연합뉴스TV'- '연합뉴스TV'
250, '[날씨트리] 내일 기온 다소 내려가…동해안 많은 눈·비 / 연합뉴스TV (YonhapnewsTV)', '연합뉴스TV', '연합뉴스TV'- '연합뉴스TV'
251, '[날씨] 새벽까지 곳곳 비·눈…내일 종일 찬 바람 / 연합뉴스TV (YonhapnewsTV)', '연합뉴스TV', '연합뉴스TV'- '연합뉴스TV'
252, '[날씨트리] 밤사이 동해안 눈·비…내일 출근길 서울 1도 / 연합뉴스TV (YonhapnewsTV)', '연합뉴스 Yonhapnews', '연합뉴스TV'- '연합뉴스 Yonhapnews'
253, '[날씨트리] 내일 기온 다소 내려가…동해안 많은 눈·비 / 연합뉴스TV (YonhapnewsTV)', 'KBS광주', '연합뉴스 Yonhapnews'- 'KBS광주'
254, '오늘의 날씨', 'JB Kim', 'KBS광주'- 'JB Kim'
255, '[날씨] 내일 아침 중부 영하권…밤사이 동해안 많은 눈 / 연합뉴스TV (YonhapnewsTV)', 'I M Shook', 'JB Kim'- 'I M Shook'
256, '[날씨] 밤사이 동해안 많은 눈…강원 산지 대설예비특보 / 연합뉴스TV (YonhapnewsTV)', 'SBS Culture', 'I M Shook'- 'SBS Culture'
257, '[날씨트리] 주말 맑고 기온 더 올라…휴일 곳곳 비 / 연합뉴스TV (YonhapnewsTV)', 'SBS Culture', 'SBS Culture'- 'SBS Culture'
258," ""[날씨] 내일 비 그친 뒤 기온 '뚝'...월요일 반짝 추위 / YTN""", 'SBS Culture', 'SBS Culture'- 'SBS Culture'
259," ""[날씨] 예년보다 덜 춥지만", 'SBS Culture', 'SBS Culture'- 'SBS Culture'
260," 1월부터 북극발 '기습 한파' / YTN""", 'SBS Culture', 'SBS Culture'- 'SBS Culture'
261," ""극과 극 달리는 올겨울 날씨", 'SBS Culture', 'SBS Culture'- 'SBS Culture'
262," 주범은 '온난화' / YTN""", 'SBS Culture', 'SBS Culture'- 'SBS Culture'
263, '압수수색 전 보고 했나 안했나…엇갈리는 주장들 / 연합뉴스TV (YonhapnewsTV)', 'SBS Culture', 'SBS Culture'- 'SBS Culture'
264, '연합뉴스TV 생방송 (LIVE & NEWS)', 'YTN NEWS', 'SBS Culture'- 'YTN NEWS'
265," ""복귀한 황교안", '연합뉴스TV', 'YTN NEWS'- '연합뉴스TV'
266," '3대 게이트' 쟁점화…공세 고삐 / 연합뉴스TV (YonhapnewsTV)""", '연합뉴스TV', '연합뉴스TV'- '연합뉴스TV'
267, '연합뉴스TV 생방송 (LIVE & NEWS)', '연합뉴스TV', '연합뉴스TV'- '연합뉴스TV'
268," ""러-中 잇는 '시베리아의 힘' 가스관 개통…남북러 연결은? / 연합뉴스TV (YonhapnewsTV)""", '연합뉴스TV', '연합뉴스TV'- '연합뉴스TV'
269, '연합뉴스TV 생방송 (LIVE & NEWS)', '연합뉴스TV', '연합뉴스TV'- '연합뉴스TV'
270," '트럼프 ""한국 핵무장 허용""...샌더스", '연합뉴스TV', '연합뉴스TV'- '연합뉴스TV'
271, 워싱턴·알래스카서 압승 / YTN', 'SBS Entertainment', '연합뉴스TV'- 'SBS Entertainment'
272, '靑 특감반원 출신 검찰 수사관 숨진 채 발견 / 연합뉴스TV (YonhapnewsTV)', '배우는 사람', 'SBS Entertainment'- '배우는 사람'
273, '연합뉴스TV 생방송 (LIVE & NEWS)', 'Steven Paulk', '배우는 사람'- 'Steven Paulk'
274, '[날씨] 내일 아침 영하권 추위…서울 오전 눈발 / 연합뉴스TV (YonhapnewsTV)', 'PLAYYANI 플레이애니', 'Steven Paulk'- 'PLAYYANI 플레이애니'
275, '[날씨] 출근길 영하권 추위...강원 산간 대설 / YTN', '라인타운 (LINE TOWN)', 'PLAYYANI 플레이애니'- '라인타운 (LINE TOWN)'
276, '[날씨] 오늘 아침 추위, '지니키즈 Genikids (인기 동요・동화)', '라인타운 (LINE TOWN)'- '지니키즈 Genikids (인기 동요・동화)'
277, 낮 쌀쌀...내륙 맑고 동해안 비·눈 / YTN', '지니키즈 Genikids (인기 동요・동화)', '지니키즈 Genikids (인기 동요・동화)'- '지니키즈 Genikids (인기 동요・동화)'
278, '[날씨트리] 내일 기온 다소 내려가…동해안 많은 눈·비 / 연합뉴스TV (YonhapnewsTV)', '라인타운 (LINE TOWN)', '지니키즈 Genikids (인기 동요・동화)'- '라인타운 (LINE TOWN)'
279, '[날씨] 내일 동해안 눈·비…밤사이 강원 산지 많은 눈 / 연합뉴스TV (YonhapnewsTV)', '아이쿠TV / IKOOOTV', '라인타운 (LINE TOWN)'- '아이쿠TV / IKOOOTV'
280, '[날씨트리] 내일 기온 다소 내려가…동해안 많은 눈·비 / 연합뉴스TV (YonhapnewsTV)', '아이쿠TV / IKOOOTV', '아이쿠TV / IKOOOTV'- '아이쿠TV / IKOOOTV'
281, '[날씨] 내일 아침 영하권 추위…서울 오전 눈발 / 연합뉴스TV (YonhapnewsTV)', '아이쿠TV / IKOOOTV', '아이쿠TV / IKOOOTV'- '아이쿠TV / IKOOOTV'
282, '[날씨] 내일 아침 영하권 추위…서울 오전 눈발 / 연합뉴스TV (YonhapnewsTV)', '뽀로로(Pororo)', '아이쿠TV / IKOOOTV'- '뽀로로(Pororo)'
283, '[날씨] 출근길 다소 추워…낮부터 추위 물러나 / 연합뉴스TV (YonhapnewsTV)', '연합뉴스TV', '뽀로로(Pororo)'- '연합뉴스TV'
284, '[날씨트리] 내일 기온 다소 내려가…동해안 많은 눈·비 / 연합뉴스TV (YonhapnewsTV)', '연합뉴스TV', '연합뉴스TV'- '연합뉴스TV'
285, '[날씨] 내일 아침 영하권 추위…서울 오전 눈발 / 연합뉴스TV (YonhapnewsTV)', '스브스뉴스 SUBUSU NEWS', '연합뉴스TV'- '스브스뉴스 SUBUSU NEWS'
286, '[날씨] 겨울 시작부터 강추위...밤사이 서해안 대설 / YTN', '에그박사 Egg&Bugs', '스브스뉴스 SUBUSU NEWS'- '에그박사 Egg&Bugs'
287, '[날씨] 내일 아침 영하권 추위…서울 오전 눈발 / 연합뉴스TV (YonhapnewsTV)', '비썹 Bssup', '에그박사 Egg&Bugs'- '비썹 Bssup'
288, '[날씨] 내일까지 충남·전북 큰 눈…출근길 영하권 추위 / 연합뉴스TV (YonhapnewsTV)', '급식왕', '비썹 Bssup'- '급식왕'
289, '연합뉴스TV 생방송 (LIVE & NEWS)', '급식걸즈', '급식왕'- '급식걸즈'
290," '문 대통령 ""20대 국회 파행 일관…정상적 정치 도태"" / 연합뉴스TV (YonhapnewsTV)'", '연합뉴스TV', '급식걸즈'- '연합뉴스TV'
291, '연합뉴스TV 생방송 (LIVE & NEWS)', '연합뉴스TV', '연합뉴스TV'- '연합뉴스TV'
292, '올해도 법정시한 내 예산안 처리 무산 / 연합뉴스TV (YonhapnewsTV)', 'KBS News', '연합뉴스TV'- 'KBS News'
293, '연합뉴스TV 생방송 (LIVE & NEWS)', 'KBS News', 'KBS News'- 'KBS News'
294, '\'민식이\' 엄마, '연합뉴스TV', 'KBS News'- '연합뉴스TV'
295," 나경원에 ""무릎까지 꿇었는데 꼭 사과받겠다""…울분 터뜨려 / 연합뉴스 (Yonhapnews)'", '연합뉴스TV', '연합뉴스TV'- '연합뉴스TV'
296, '전국노래자랑 최초 송해기절시킨 천재가수 by KBS광주', 'YTN NEWS', '연합뉴스TV'- 'YTN NEWS'
297," ""국악한마당 '국악신동 양진영(세노아)'부분 춘향가중 '사랑가", '연합뉴스TV', 'YTN NEWS'- '연합뉴스TV'
298," 쑥대머리' 20140719""", '연합뉴스TV', '연합뉴스TV'- '연합뉴스TV'
299, '36개월 신동의 늴니리아 공연 @놀라운 대회 스타킹 140913', 'MBN Entertainment', '연합뉴스TV'- 'MBN Entertainment'
300, '묘기 농구하는 남자@순간 포착 세상에 이런 일이 131010', '체인지 그라운드', 'MBN Entertainment'- '체인지 그라운드'
301, '20130825 TV동물농장 #2(9)', 'SBS Culture', '체인지 그라운드'- 'SBS Culture'
302, 'TV동물농장(513회)_10', 'SBS Culture', 'SBS Culture'- 'SBS Culture'
303, '보남이 기 살리려 온 삼촌 백석이 @TV동물농장 141130', 'SBS Culture', 'SBS Culture'- 'SBS Culture'
304, 'SBS TV동물농장 (629회) #4(8)', 'SBS Culture', 'SBS Culture'- 'SBS Culture'
305, '20130818 TV동물농장 #2(9)', 'SBS Culture', 'SBS Culture'- 'SBS Culture'
306, '관순이 vs 호랑이 삼 남매 @TV동물농장 130825', 'SBS Culture', 'SBS Culture'- 'SBS Culture'
307, 'TV동물농장(503회)_11', 'SBS Culture', 'SBS Culture'- 'SBS Culture'
308, '4억5천 지닌 노숙인, 'SBS Culture', 'SBS Culture'- 'SBS Culture'
309, 돈·가족 한꺼번에 찾았지만... / YTN (Yes! Top News)', 'SBS Culture', 'SBS Culture'- 'SBS Culture'
310," '국정원 ""북한 현영철", 'SBS Culture', 'SBS Culture'- 'SBS Culture'
311," 반역죄로 고사총 공개 처형""'", 'SBS Culture', 'SBS Culture'- 'SBS Culture'
312, '연합뉴스TV 생방송 (LIVE & NEWS)', 'SBS Culture', 'SBS Culture'- 'SBS Culture'
313, '서울 노후차량 과태료 폭탄…공공차량 2부제도 / 연합뉴스TV (YonhapnewsTV)', 'SBS Culture', 'SBS Culture'- 'SBS Culture'
314, '연합뉴스TV 생방송 (LIVE & NEWS)', '연합뉴스TV', 'SBS Culture'- '연합뉴스TV'
315, '靑 특감반원 출신 검찰 수사관 숨진 채 발견 / 연합뉴스TV (YonhapnewsTV)', '연합뉴스TV', '연합뉴스TV'- '연합뉴스TV'
316, '연합뉴스TV 생방송 (LIVE & NEWS)', 'SBS Culture', '연합뉴스TV'- 'SBS Culture'
317, '[HIT] 겨울 왕국 더빙판 성우들, 'SBS Culture', 'SBS Culture'- 'SBS Culture'
318, 한밤서 얼굴 공개 @한밤의 TV연예 140226', 'SBS Culture', 'SBS Culture'- 'SBS Culture'
319, '겨울왕국2 안나는 불의 마법 능력자 | 예고편 분석', 'SBS Culture', 'SBS Culture'- 'SBS Culture'
320, '은비까비의 옛날옛적에 제20화 자기를 도둑맞은 사람', 'I M Shook', 'SBS Culture'- 'I M Shook'
321, '[아기공룡 둘리-추억의 명작 만화★] 17화 충치 소동', 'I M Shook', 'I M Shook'- 'I M Shook'
322, '라인타운 19화 진흙구슬 (LINE TOWN ep.19)', 'SBS Culture', 'I M Shook'- 'SBS Culture'
323, '이게 팬티야 수영복이야? | 팬티와 수영복의 차이점 | 호기심 동화★지니키즈', 'SBS Culture', 'SBS Culture'- 'SBS Culture'
324, '왜 방귀가 뿌웅? | 방귀가 나오는 이유 | 우리 몸의 소화 | 인체박사★지니키즈', 'SBS Culture', 'SBS Culture'- 'SBS Culture'
325, '라인타운 23화 캠핑 (LINE TOWN ep.23)', 'SBS Culture', 'SBS Culture'- 'SBS Culture'
326, '[EBS 우당탕탕 아이쿠 시즌1-25] 얼면 안돼! 아이쿠 (눈오는날 안전)', 'SBS Culture', 'SBS Culture'- 'SBS Culture'
327, '[EBS 우당탕탕 아이쿠 시즌2-21] 아이쿠왕자지구순찰일지 (어린이 폭력예방)', 'SBS Culture', 'SBS Culture'- 'SBS Culture'
328, '[우당탕탕 아이쿠] 횡단보도 송', 'SBS Culture', 'SBS Culture'- 'SBS Culture'
329, '[뽀로로와 노래해요 2기] 8화 야채 삼총사(Vegie Land three)', 'SBS Culture', 'SBS Culture'- 'SBS Culture'
330," '""新남방정책"" VS ""30억불 지원""…한일", '연합뉴스TV', 'SBS Culture'- '연합뉴스TV'
331, 對아세안 외교전 가열 / 연합뉴스TV (YonhapnewsTV)', '연합뉴스TV', '연합뉴스TV'- '연합뉴스TV'
332, '연합뉴스TV 생방송 (LIVE & NEWS)', 'SBS Culture', '연합뉴스TV'- 'SBS Culture'
333, '서울 한복판에 쥐 풀어야하는 이유?! / 스브스뉴스', 'SBS Culture', 'SBS Culture'- 'SBS Culture'
334, '장수말벌 침을 확대해보았습니다', 'SBS Culture', 'SBS Culture'- 'SBS Culture'
335, '스테이크먹는 식물?! 파리지옥에게 스테이크, 'SBS Culture', 'SBS Culture'- 'SBS Culture'
336,초밥, 'SBS Culture', 'SBS Culture'- 'SBS Culture'
337,수제 핫도그등 고급음식들을 먹여보았다 : 비썹Bssup', 'SBS Culture', 'SBS Culture'- 'SBS Culture'
338, '비요뜨 먹는 유형(비요뜨 맛있게 먹는 꿀팁) ㅋㅋㅋㅋ 써먹으세요', 'SBS Culture', 'SBS Culture'- 'SBS Culture'
339, '수업시간에 바퀴벌레 나왔을때 유형ㅋㅋㅋ', 'SBS Culture', 'SBS Culture'- 'SBS Culture'
340, '靑 특감반원 출신 검찰 수사관 숨진 채 발견 / 연합뉴스TV (YonhapnewsTV)', 'SBS Culture', 'SBS Culture'- 'SBS Culture'
341, '연합뉴스TV 생방송 (LIVE & NEWS)', 'SBS Culture', 'SBS Culture'- 'SBS Culture'
342, '교도소의 새로운 실험', 'SBS Culture', 'SBS Culture'- 'SBS Culture'
343, '[LIVE] 언제, 'SBS Culture', 'SBS Culture'- 'SBS Culture'
344, 어디서나 KBS 24시 뉴스', 'SBS Culture', 'SBS Culture'- 'SBS Culture'
345, '[날씨] 내일까지 충남·전북 큰 눈…출근길 영하권 추위 / 연합뉴스TV (YonhapnewsTV)', 'SBS Culture', 'SBS Culture'- 'SBS Culture'
346, '연합뉴스TV 생방송 (LIVE & NEWS)', 'SBS Culture', 'SBS Culture'- 'SBS Culture'
347, '4억5천 지닌 노숙인, 'SBS Culture', 'SBS Culture'- 'SBS Culture'
348, 돈·가족 한꺼번에 찾았지만... / YTN (Yes! Top News)', 'SBS Culture', 'SBS Culture'- 'SBS Culture'
349, '靑 특감반원 출신 검찰 수사관 숨진 채 발견 / 연합뉴스TV (YonhapnewsTV)', 'SBS Culture', 'SBS Culture'- 'SBS Culture'
350, '연합뉴스TV 생방송 (LIVE & NEWS)', '내셔널지오그래픽 - National Geographic Korea', 'SBS Culture'- '내셔널지오그래픽 - National Geographic Korea'
351, '귀신이 사는 병원 [실제상황 358회 다시보기]', '흔한남매', '내셔널지오그래픽 - National Geographic Korea'- '흔한남매'
352, '태어나자마자 사망 판정을 받은 아기, 'I M Shook', '흔한남매'- 'I M Shook'
353, 포옹을 하자 놀라운 일이 일어나는데…', 'I M Shook', 'I M Shook'- 'I M Shook'
354, '생방송 투데이 131029 #2(3)', 'I M Shook', 'I M Shook'- 'I M Shook'
355, '콧물 빼기의 달인@생활의 달인 131103', 'I M Shook', 'I M Shook'- 'I M Shook'
356, '늑대 야수와의 동거@TV동물농장 131222', 'SBS Entertainment', 'I M Shook'- 'SBS Entertainment'
357, 'TV동물농장(506회)_02', 'SBS Culture', 'SBS Entertainment'- 'SBS Culture'
358, '커다란 배를 가진 여인 @순간 포착 세상에 이런 일이 141127', 'I M Shook', 'SBS Culture'- 'I M Shook'
359, '박쥐 떼와의 위험한 동거 @TV동물농장 130825', 'I M Shook', 'I M Shook'- 'I M Shook'
360, '생방송 투데이 131029 #2(3)', 'SBS Culture', 'I M Shook'- 'SBS Culture'
361, '매표소 지키는 개 용팔이(528회)_01', 'SBS Culture', 'SBS Culture'- 'SBS Culture'
362, '생방송 투데이 131029 #2(3)', 'SBS Culture', 'SBS Culture'- 'SBS Culture'
363," ""[HOT] 뚫어야 산다 '동굴파는 할아버지' @생방송 투데이 140116""", 'SBS Culture', 'SBS Culture'- 'SBS Culture'
364, '생방송 투데이 131029 #2(3)', 'SBS Culture', 'SBS Culture'- 'SBS Culture'
365, '김복자 할머니의 사연은? @순간 포착 세상에 이런 일이 140508', 'SBS Culture', 'SBS Culture'- 'SBS Culture'
366, '최영환, 'SBS Culture', 'SBS Culture'- 'SBS Culture'
367, 13세 맥가이버 @순간 포착 세상에 이런 일이 140918', 'SBS Culture', 'SBS Culture'- 'SBS Culture'
368, '특검, 'SBS Culture', 'SBS Culture'- 'SBS Culture'
369, 김경수 경남지사 징역 총 6년 구형 / 연합뉴스TV (YonhapnewsTV)', 'SBS Culture', 'SBS Culture'- 'SBS Culture'
370, '연합뉴스TV 생방송 (LIVE & NEWS)', 'SBS Culture', 'SBS Culture'- 'SBS Culture'
371, '생방송 투데이 131029 #2(3)', 'SBS Culture', 'SBS Culture'- 'SBS Culture'
372, '91세 할머니의 철인경기! @순간 포착 세상에 이런 일이 141120', 'SBS Culture', 'SBS Culture'- 'SBS Culture'
373, '폐지줍는개 백구의 할머니사랑 @순간포착! 세상에 이런일이 20120913', 'SBS Culture', 'SBS Culture'- 'SBS Culture'
374, '12세 자린고비가 된 이유는? @순간 포착 세상에 이런 일이 140904', 'SBS Culture', 'SBS Culture'- 'SBS Culture'
375, '대구 돌꿈치, 'SBS Culture', 'SBS Culture'- 'SBS Culture'
376, 팔꿈치로 대리석 120개 격파 @놀라운 대회 스타킹 130921', 'SBS Culture', 'SBS Culture'- 'SBS Culture'
377, '세상에서 가장 단단하고 유연한 허리의 그녀 @놀라운 대회 스타킹 131116', 'SBS Culture', 'SBS Culture'- 'SBS Culture'
378, '생방송 투데이 131029 #2(3)', 'SBS Culture', 'SBS Culture'- 'SBS Culture'
379, '도심을 뒤덮은 벌레 떼? @모닝와이드 140528', 'SBS Culture', 'SBS Culture'- 'SBS Culture'
380, '수로에 빠진 강아지(527회)_02', 'SBS Culture', 'SBS Culture'- 'SBS Culture'
381, '수로에 빠진 강아지(527회)_01', 'SBS Culture', 'SBS Culture'- 'SBS Culture'
382, '수로에 빠진 강아지(527회)_03', 'SBS Culture', 'SBS Culture'- 'SBS Culture'
383, '[sbs TV 동물농장] 519회 학대 받은 황구, 'SBS Culture', 'SBS Culture'- 'SBS Culture'
384, 새 가족을 만나다! 2011년7월3일_01', 'SBS Culture', 'SBS Culture'- 'SBS Culture'
385, '버스 주차의 달인 @생활의 달인 140324', 'Golden Carriage 황금마차', 'SBS Culture'- 'Golden Carriage 황금마차'
386, '겨울 캠핑의 달인@생활의 달인 131201', '느긋느긋의 서울일주', 'Golden Carriage 황금마차'- '느긋느긋의 서울일주'
387, '한국 코미디계 큰별 구봉서, 'YTN NEWS', '느긋느긋의 서울일주'- 'YTN NEWS'
388, 영면에 들다', '연합뉴스TV', 'YTN NEWS'- '연합뉴스TV'
389, '연합뉴스TV 생방송 (LIVE & NEWS)', 'KBS News', '연합뉴스TV'- 'KBS News'
390, '생방송 투데이 131029 #2(3)', '연합뉴스TV', 'KBS News'- '연합뉴스TV'
391, '[화제] 면목동 11남매가 사는 법 @순간 포착 세상에 이런 일이 140123', '연합뉴스TV', '연합뉴스TV'- '연합뉴스TV'
392, '세상에 이런 일이 72회 #2', 'YTN NEWS', '연합뉴스TV'- 'YTN NEWS'
393, '세상에 이런 일이 72회 #1', 'Netflix Korea', 'YTN NEWS'- 'Netflix Korea'
394, '세상에 이런 일이 72회 #3', '채널A 뉴스', 'Netflix Korea'- '채널A 뉴스'
395, '세상에 이런 일이 72회 #6', 'CBS크리스천노컷뉴스', '채널A 뉴스'- 'CBS크리스천노컷뉴스'
396, '세상에 이런 일이 72회 #9', '연합뉴스TV', 'CBS크리스천노컷뉴스'- '연합뉴스TV'
397, '3년째 정체불명 공포의 소리 @순간포착! 세상에 이런일이 20120614', '연합뉴스TV', '연합뉴스TV'- '연합뉴스TV'
398, '절약왕, '목포MBC', '연합뉴스TV'- '목포MBC'
399, 12세 자린고비 @순간 포착 세상에 이런 일이 140904', '낭낭식객', '목포MBC'- '낭낭식객'
400, '맨손으로 물고기를 잡는다? @순간 포착 세상에 이런 일이 141113', 'MBCNEWS', '낭낭식객'- 'MBCNEWS'
401, '커다란 배를 가진 여인 @순간 포착 세상에 이런 일이 141127', '연합뉴스TV', 'MBCNEWS'- '연합뉴스TV'
402, '6세 리틀 강호동', '연합뉴스TV', '연합뉴스TV'- '연합뉴스TV'
403, 'TV 동물농장 110911_02', 'SBS Sports', '연합뉴스TV'- 'SBS Sports'
404, 'TV동물농장 천재견 로또(522회)_02', '전국소년소녀체전', 'SBS Sports'- '전국소년소녀체전'
405, '개가 고양이를 낳았다? @TV 동물농장 20120729', '채널A 뉴스TOP10', '전국소년소녀체전'- '채널A 뉴스TOP10'
406, '동물농장 607회 #2', 'Britt Saxon', '채널A 뉴스TOP10'- 'Britt Saxon'
407, '원수 같은 내 아들 궁이 @TV동물농장 131013', '슘박사 TV', 'Britt Saxon'- '슘박사 TV'
408, 'TV동물농장 공룡의후애 악어거북111001_clip7', '푸드코트', '슘박사 TV'- '푸드코트'
409, '뱀이 악어를 잡아먹는다?', '건강정보 SHARE', '푸드코트'- '건강정보 SHARE'
410, '악마에게 조종당하는 에이미를 구해내자!!!ㅋㅋㅋ(흔한남매)', '다큐맨투리 이주일PD', '건강정보 SHARE'- '다큐맨투리 이주일PD'
411, '한국의 헤라클레스, 'SBS Culture', '다큐맨투리 이주일PD'- 'SBS Culture'
412, 강호동과 힘대결 @놀라운 대회 스타킹 140412', 'I M Shook', 'SBS Culture'- 'I M Shook'
413, '호신술계에 최연소 형제가 떴다? @놀라운 대회 스타킹 130810', 'Scene Taker', 'I M Shook'- 'Scene Taker'
414, '왕양, '오인분', 'Scene Taker'- '오인분'
415, 균형 잡기 제왕으로 출연해 @놀라운 대회 스타킹 131214', 'SBS DRAMAi CLASSIC', '오인분'- 'SBS DRAMAi CLASSIC'
416, '스네이크 소녀, 'SBS Culture', 'SBS DRAMAi CLASSIC'- 'SBS Culture'
417, 레이저미로게임에 도전 @놀라운 대회 스타킹 130720', 'TOPofTOPTV', 'SBS Culture'- 'TOPofTOPTV'
418, '최우식," ""션월드[SEAN's World]"""," 'TOPofTOPTV'- ""션월드[SEAN's World]"""
419, 열상 환자 긴급 구급출동 @심장이뛴다 130913', '김기자'," ""션월드[SEAN's World]""- '김기자'"
420, '68세의 몸짱 할아버지의 능력 @순간 포착 세상에 이런 일이 140710', '아이게스', '김기자'- '아이게스'
421," ""강호동", '자연인206', '아이게스'- '자연인206'
422," 손가락 호신술에 '굴욕' @놀라운 대회 스타킹 130810""", '연합뉴스TV', '자연인206'- '연합뉴스TV'
423, '최강 연체 스네이크 소녀 @놀라운 대회 스타킹 130720', '연합뉴스TV', '연합뉴스TV'- '연합뉴스TV'
424, '커다란 배를 가진 여인 @순간 포착 세상에 이런 일이 141127', '연합뉴스TV', '연합뉴스TV'- '연합뉴스TV'
425, '생방송 투데이 131029 #2(3)', '연합뉴스TV', '연합뉴스TV'- '연합뉴스TV'
426, '커다란 배를 가진 여인 @순간 포착 세상에 이런 일이 141127', '연합뉴스TV', '연합뉴스TV'- '연합뉴스TV'
427, '커다란 배를 가진 여인 @순간 포착 세상에 이런 일이 141127', 'KBS News', '연합뉴스TV'- 'KBS News'
428, '새끼를 외면한 어미 호랑이 호야 @TV동물농장 140713', 'SBS Culture', 'KBS News'- 'SBS Culture'
429, '20130825 TV동물농장 #2(9)', 'YTN NEWS', 'SBS Culture'- 'YTN NEWS'
430, 'TV 동물농장 610회 #11', 'SBS Culture', 'YTN NEWS'- 'SBS Culture'
431, '상주의 특별한 10남매 @생방송 투데이 141118', 'SBS Culture', 'SBS Culture'- 'SBS Culture'
432, 'TV동물농장 130908 다시보기 #1(2)', '연합뉴스TV', 'SBS Culture'- '연합뉴스TV'
433, '인기스타 고운이@TV동물농장 131110', '연합뉴스TV', '연합뉴스TV'- '연합뉴스TV'
434, '20131006 TV동물농장 #2(5)', '연합뉴스TV', '연합뉴스TV'- '연합뉴스TV'
435, 'TV동물농장 천재견 로또(522회)_01', '기상청 인터넷기상방송 날씨ON', '연합뉴스TV'- '기상청 인터넷기상방송 날씨ON'
436, 'TV동물농장 천재견 로또(522회)_03', '기상청 인터넷기상방송 날씨ON', '기상청 인터넷기상방송 날씨ON'- '기상청 인터넷기상방송 날씨ON'
437, '커다란 배를 가진 여인 @순간 포착 세상에 이런 일이 141127', '기상청 인터넷기상방송 날씨ON', '기상청 인터넷기상방송 날씨ON'- '기상청 인터넷기상방송 날씨ON'
438, 'SBS TV동물농장 (Ep.640) 다시보기 #6(2)', '연합뉴스TV', '기상청 인터넷기상방송 날씨ON'- '연합뉴스TV'
439, '커다란 배를 가진 여인 @순간 포착 세상에 이런 일이 141127', '연합뉴스TV', '연합뉴스TV'- '연합뉴스TV'
440, '새끼를 외면한 어미 호랑이 호야 @TV동물농장 140713', 'EBS 컬렉션 - 라이프스타일', '연합뉴스TV'- 'EBS 컬렉션 - 라이프스타일'
441, 'TV 동물농장 - 야생동물 이야기.110913._07', 'EPOCH TIMES KOREA', 'EBS 컬렉션 - 라이프스타일'- 'EPOCH TIMES KOREA'
442, 'TV동물농장 공룡의후애 악어거북111001_clip3', '연합뉴스TV', 'EPOCH TIMES KOREA'- '연합뉴스TV'
443, 'SBS TV동물농장 (629회) #4(6)', 'SBS Culture', '연합뉴스TV'- 'SBS Culture'
444, '순간포착 세상에 이런일이 734회 #5', 'SBS Culture', 'SBS Culture'- 'SBS Culture'
445, '순간포착 세상에 이런일이 734회 #7', '채널A Home', 'SBS Culture'- '채널A Home'
446," '[SBS] 세상에 이런 일이 655회 (20110811) 명장면 ""성벽 쌓는 사람""'", 'KBS News', '채널A Home'- 'KBS News'
447, '커다란 배를 가진 여인 @순간 포착 세상에 이런 일이 141127', 'KBS News', 'KBS News'- 'KBS News'
448, '호미와 할아버지의 악연 @TV동물농장 130901', '연합뉴스TV', 'KBS News'- '연합뉴스TV'
449, '삼시세끼 48년동안 라면만 드신 91세 할아버지께서 끓여준 라면을 먹어보았습니다. 맛은? 비법? / 안성탕면', '연합뉴스TV', '연합뉴스TV'- '연합뉴스TV'
450," ""10.26 40주년! 김재규 '폐가'의 진실을 찾아서""", 'YTN SCIENCE', '연합뉴스TV'- 'YTN SCIENCE'
451," ""'장윤정의 2대 거짓말'…母", '연합뉴스TV', 'YTN SCIENCE'- '연합뉴스TV'
452," 또 언론사에 메일 발송 / YTN""", '연합뉴스TV', '연합뉴스TV'- '연합뉴스TV'
453," ""[날씨] 내일까지 서쪽 눈·비…출근길 '영하권 추위' / 연합뉴스TV (YonhapnewsTV)""", 'YTN NEWS', '연합뉴스TV'- 'YTN NEWS'
454, '[날씨] 내일 전국 비, '연합뉴스TV', 'YTN NEWS'- '연합뉴스TV'
455, 제주 최고 80mm…그친 뒤 기온 ‘뚝’ ↓ / KBS뉴스(News)', '연합뉴스TV', '연합뉴스TV'- '연합뉴스TV'
456, '[날씨] 내일까지 충남·전북 큰 눈…출근길 영하권 추위 / 연합뉴스TV (YonhapnewsTV)', 'YTN NEWS', '연합뉴스TV'- 'YTN NEWS'
457, '연합뉴스TV 생방송 (LIVE & NEWS)', 'KBS News', 'YTN NEWS'- 'KBS News'
458, '4억5천 지닌 노숙인, 'KBS News', 'KBS News'- 'KBS News'
459, 돈·가족 한꺼번에 찾았지만... / YTN (Yes! Top News)', '연합뉴스TV', 'KBS News'- '연합뉴스TV'
460, '[긴급속보] 정체불명 거대 동물, '연합뉴스TV', '연합뉴스TV'- '연합뉴스TV'
461, 을지로 질주 소동', 'KBS News', '연합뉴스TV'- 'KBS News'
462, '北 ‘직파 간첩’ 9년 만에 검거…국적세탁 후 스님 행세 | 사건상황실', 'KBS News', 'KBS News'- 'KBS News'
463, '조용기 목사 가족퇴진 서명운동, '연합뉴스TV', 'KBS News'- '연합뉴스TV'
464, 왜?', '연합뉴스TV', '연합뉴스TV'- '연합뉴스TV'
465, '靑 특감반원 출신 검찰 수사관 숨진 채 발견 / 연합뉴스TV (YonhapnewsTV)', '연합뉴스TV', '연합뉴스TV'- '연합뉴스TV'
466, '연합뉴스TV 생방송 (LIVE & NEWS)', '연합뉴스TV', '연합뉴스TV'- '연합뉴스TV'
467, '작고 외딴 섬 부도에서 행복한 일상을 보내는 부부이야기 [Eng sub] a couple who live on island alone [어영차바다야]', 'SBS Running Man', '연합뉴스TV'- 'SBS Running Man'
468, '광어 회뜨기(오로시) 따라서 배워보세요.회뜨는 방법 하나하나 설명합니다.배우고 싶으신분 꼭 보세요.일식요리 처음 시작하는 분들 직접 가르키던 방식입니다.', '돌팔이tv', 'SBS Running Man'- '돌팔이tv'
469, '민정비서관실 근무 검찰수사관 숨진 채 발견 (2019.12.01/뉴스데스크/MBC)', '돌팔이tv', '돌팔이tv'- '돌팔이tv'
470," '고속도로 신설에 고립된 마을·사찰…""보상도 없어"" 반발 / 연합뉴스TV (YonhapnewsTV)'", '코파', '돌팔이tv'- '코파'
471, '연합뉴스TV 생방송 (LIVE & NEWS)', '태영TV', '코파'- '태영TV'
472, '베트남 VS 인도네시아 H/L [2019 동남아시안게임 축구 / 박항서]', '캐나다특파원생물채널', '태영TV'- '캐나다특파원생물채널'
473, '여중1600m(R)/결승/양예빈/원본영상/2019소년체전', '감성플러스', '캐나다특파원생물채널'- '감성플러스'
474, '우리가 알던 홍합은 가짜? ‘두 번 배신한 홍합’_채널A_뉴스TOP10', 'SBS Culture', '감성플러스'- 'SBS Culture'
475," ""'계란' 먹은후 절대 한면 안되는것들 Britt Saxon""", 'SBS Culture', 'SBS Culture'- 'SBS Culture'
476, '제 2형 당뇨병에 좋은 『효과 만점』 음식 7가지는?', 'SBS Culture', 'SBS Culture'- 'SBS Culture'
477, '생강을 절대로 먹어서는 안되는 4 가지 유형의 사람들 - 건강을 위험에 빠뜨립니다. - 푸드코트', 'SBS Culture', 'SBS Culture'- 'SBS Culture'
478, '당신이 몰랐던 감(단감)의 엄청난 효능 13가지. 감식초 만드는 법 | SHARE 건강정보', 'SBS Culture', 'SBS Culture'- 'SBS Culture'
479, '막힌 변기 뚫는 법 박스테이프로 시원하게 뚫기', 'SBS Culture', 'SBS Culture'- 'SBS Culture'
480, '산속 야생 할머니!_01', 'SBS Culture', 'SBS Culture'- 'SBS Culture'
481, '세탁기 찌든 때 청소하는 방법 @놀라운 대회 스타킹 131012', 'SBS Culture', 'SBS Culture'- 'SBS Culture'
482, '버스에서 양아치를 만난 마동석 (feat.여고생)', 'SBS Culture', 'SBS Culture'- 'SBS Culture'
483, '(반전의 반전?!) 동네 아저씨한테 시비걸던 일찐들의 최후!! [오인분 상황극]', 'seoulgrandpark', 'SBS Culture'- 'seoulgrandpark'
484, '[야인시대 17회#4] 바쁜 일정을 소화하고 있는 중, 'jindon Lee', 'seoulgrandpark'- 'jindon Lee'
485, 꼴 뵈기 시름의 표본인 뭉치와 마주치다.', 'TV CHOSUN', 'jindon Lee'- 'TV CHOSUN'
486, '전설의 사냥꾼 - 상어 낚시! 제주 바다를 지켜라 @모닝와이드 130816', '인더독TV', 'TV CHOSUN'- '인더독TV'
487, '전세계에서 한국만 즐겨먹는 음식 7가지', '띠동갑 국제커플/ DDIGUKcouple', '인더독TV'- '띠동갑 국제커플/ DDIGUKcouple'
488, '[문화소개] 한국어를 쓰는 인도의 드라비다족(타밀어) Ep.2 (델리 타밀어 학교 방문기)', 'SBS NOW', '띠동갑 국제커플/ DDIGUKcouple'- 'SBS NOW'
489," ""필리핀을 울려버린 '한국인 대학생의 작은선행'""", 'Steven Paulk', 'SBS NOW'- 'Steven Paulk'
490, '[현지반응] 손흥민! 경기장을 찾은 삼대에게 유니폼 선물! 이걸 본 현지팬들 반응! (토트넘 v 웨스트햄)', '카툰버스(Cartoon Bus)', 'Steven Paulk'- '카툰버스(Cartoon Bus)'
491, '멧돼지 떼 습격을 격파한 풍산개', 'Learn Teach Korean', '카툰버스(Cartoon Bus)'- 'Learn Teach Korean'
492, '[날씨] 내일까지 충남·전북 큰 눈…출근길 영하권 추위 / 연합뉴스TV (YonhapnewsTV)', 'Korean Fairy Tales', 'Learn Teach Korean'- 'Korean Fairy Tales'
493, '연합뉴스TV 생방송 (LIVE & NEWS)', '돌팔이tv', 'Korean Fairy Tales'- '돌팔이tv'
494, '[날씨] 내일까지 충남·전북 큰 눈…출근길 영하권 추위 / 연합뉴스TV (YonhapnewsTV)', 'SBS Culture', '돌팔이tv'- 'SBS Culture'
495, '연합뉴스TV 생방송 (LIVE & NEWS)', 'SBS Culture', 'SBS Culture'- 'SBS Culture'
496," ""[날씨] 내일까지 서쪽 눈·비…출근길 '영하권 추위' / 연합뉴스TV (YonhapnewsTV)""", 'SBS Culture', 'SBS Culture'- 'SBS Culture'
497, '[날씨] 내일 기온 ‘뚝’, 'SBS Culture', 'SBS Culture'- 'SBS Culture'
498, 찬바람이 체감온도 끌어내려 / KBS뉴스(News)', 'SBS Culture', 'SBS Culture'- 'SBS Culture'
499, '주인 몰래 새끼 낳아 숨긴 개! @TV 동물농장 20120610', '돌팔이tv', 'SBS Culture'- '돌팔이tv'
500, '새끼 멧돼지, '돌팔이tv', '돌팔이tv'- '돌팔이tv'
501, 올무에 걸린 어미 탈출 도왔지만… / YTN', 'SBS Culture', '돌팔이tv'- 'SBS Culture'
502, '생방송 투데이 131029 #2(3)', 'SBS Culture', 'SBS Culture'- 'SBS Culture'
503, '늑대 야수와의 동거@TV동물농장 131222', 'AsanMedicalCenter', 'SBS Culture'- 'AsanMedicalCenter'
504," ""'유재수 감찰 무마 의혹'…靑·여권 향하는 수사 / 연합뉴스TV (YonhapnewsTV)""", 'TV MAX', 'AsanMedicalCenter'- 'TV MAX'
505, '연합뉴스TV 생방송 (LIVE & NEWS)', '이여명TV', 'TV MAX'- '이여명TV'
506," ""[날씨] 내일까지 서쪽 눈·비…출근길 '영하권 추위' / 연합뉴스TV (YonhapnewsTV)""", '박혜성', '이여명TV'- '박혜성'
507, '[날씨터치Q/19시] 12월 1일(일) 일요일 전국 비, '박혜성', '박혜성'- '박혜성'
508, 일부 강원‧경북북부 눈', '작두보살 010-5359-2305', '박혜성'- '작두보살 010-5359-2305'
509, '[날씨터치Q/19시] 11월 30일(토) 내륙 아침 영하권‧흐림, '작두보살 010-5359-2305', '작두보살 010-5359-2305'- '작두보살 010-5359-2305'
510, 영동, '플레이조커', '작두보살 010-5359-2305'- '플레이조커'
511,경북동해안 새벽까지 비‧눈', '이나영', '플레이조커'- '이나영'
512, '[날씨터치Q/19시] 12월 3일(화) 충남, '플레이조커', '이나영'- '플레이조커'
513,전북 많은 눈, '이나영', '플레이조커'- '이나영'
514, 출근길 기온 뚝↓', '연합뉴스TV', '이나영'- '연합뉴스TV'
515, '[날씨] 내일까지 충남·전북 큰 눈…출근길 영하권 추위 / 연합뉴스TV (YonhapnewsTV)', '연합뉴스TV', '연합뉴스TV'- '연합뉴스TV'
516, '연합뉴스TV 생방송 (LIVE & NEWS)', 'YTN NEWS', '연합뉴스TV'- 'YTN NEWS'
517, '절벽 위에서 일한다, 'SBS 뉴스', 'YTN NEWS'- 'SBS 뉴스'
518, 천길 낭떠러지 위의 극한직업 ‘잔도공’', '현대자동차그룹(HYUNDAI)', 'SBS 뉴스'- '현대자동차그룹(HYUNDAI)'
519," ""[에포크픽] 세계 최대 中 '싼샤댐' 붕괴 초읽기", 'Scene Taker', '현대자동차그룹(HYUNDAI)'- 'Scene Taker'
520," 시진핑의 선택은…?""", '서울점집 수연궁', 'Scene Taker'- '서울점집 수연궁'
521," ""[날씨] 내일까지 서쪽 눈·비…출근길 '영하권 추위' / 연합뉴스TV (YonhapnewsTV)""", '연합뉴스TV', '서울점집 수연궁'- '연합뉴스TV'
522, '눈이 번쩍! 신기한 절벽의 집 @토요특집 모닝와이드 140802', 'KBS News', '연합뉴스TV'- 'KBS News'
523, '김학래, '연합뉴스TV', 'KBS News'- '연합뉴스TV'
524, 집 공개 @잘먹고 잘 사는 법 140201', '연합뉴스TV', '연합뉴스TV'- '연합뉴스TV'
525, 'MSG 멸치의 진실, 'YTN NEWS', '연합뉴스TV'- 'YTN NEWS'
526, 멸치잡이 어선에서 뿌리는 흰가루의 정체_먹거리X파일 39회', 'SBS Culture', 'YTN NEWS'- 'SBS Culture'
527, '10ｍ 앞에서 본 북한…첨단 감시 장비·초소 포착 / KBS뉴스(News)', 'SBS Culture', 'SBS Culture'- 'SBS Culture'
528, '[LIVE] 언제, '연합뉴스TV', 'SBS Culture'- '연합뉴스TV'
529, 어디서나 KBS 24시 뉴스', '연합뉴스TV', '연합뉴스TV'- '연합뉴스TV'
530, '[날씨] 내일까지 충남·전북 큰 눈…출근길 영하권 추위 / 연합뉴스TV (YonhapnewsTV)', '연합뉴스TV', '연합뉴스TV'- '연합뉴스TV'
531, '연합뉴스TV 생방송 (LIVE & NEWS)', '연합뉴스TV', '연합뉴스TV'- '연합뉴스TV'
532, '잦은방귀, 'YTN NEWS', '연합뉴스TV'- 'YTN NEWS'
533, 건강 이상 신호일까? 방귀로 알아보는 건강 / YTN 사이언스', 'KBS News', 'YTN NEWS'- 'KBS News'
534," '별동대 의혹 부인한 靑…""수사관 사망 경위 밝혀야"" / 연합뉴스TV (YonhapnewsTV)'", 'KBS News', 'KBS News'- 'KBS News'
535, '연합뉴스TV 생방송 (LIVE & NEWS)', '연합뉴스TV', 'KBS News'- '연합뉴스TV'
536, '4억5천 지닌 노숙인, '연합뉴스TV'], '연합뉴스TV'- '연합뉴스TV']
537, 돈·가족 한꺼번에 찾았지만... / YTN (Yes! Top News)',,
538, '[날씨] 내일까지 충남·전북 큰 눈…출근길 영하권 추위 / 연합뉴스TV (YonhapnewsTV)',,
539, '연합뉴스TV 생방송 (LIVE & NEWS)',,
540, '4억5천 지닌 노숙인,,
541, 돈·가족 한꺼번에 찾았지만... / YTN (Yes! Top News)',,
542, '[뉴스 따라잡기] 갯벌에 파묻힌 고려청자…어부가 도굴꾼',,
543, '[LIVE] 언제,,
544, 어디서나 KBS 24시 뉴스',,
545, '[날씨] 내일까지 충남·전북 큰 눈…출근길 영하권 추위 / 연합뉴스TV (YonhapnewsTV)',,
546, '연합뉴스TV 생방송 (LIVE & NEWS)',,
547, '[클로즈업 북한] ‘최강 한파’ 北 주민 겨울나기',,
548, '[LIVE] 언제,,
549, 어디서나 KBS 24시 뉴스',,
550, '[날씨] 내일까지 충남·전북 큰 눈…출근길 영하권 추위 / 연합뉴스TV (YonhapnewsTV)',,
551, '[날씨] 내일까지 충남·전북 큰 눈…출근길 영하권 추위 / 연합뉴스TV (YonhapnewsTV)',,
552, '[날씨] 내일까지 충남·전북 큰 눈…출근길 영하권 추위 / 연합뉴스TV (YonhapnewsTV)',,
553," ""[날씨] 내일까지 서쪽 눈·비…출근길 '영하권 추위' / 연합뉴스TV (YonhapnewsTV)""",,
554, '송지효 몸무게 들통에 PD멱살! @런닝맨 (Running Man) 20120722',,
555, '뱀이준 선물',,
556, '뱀이준 선물',,
557, '뱀 잡아먹는 사마귀[snake-eating mantis]과연 뱀의 운명은???',,
558, '고추가루를 낙지구멍에 넣으면 어떻게 될까 ? [해루질 학교]',,
559, '사람용 회충약을 기생충에 감염된 가재에게 주었더니??? 인간용 구충제 과연 가재 기생충에게도 효과가 있을까?',,
560, '중국산 식품 중 절대 먹지말아야 하는 것들 10가지',,
561, '늑대 야수와의 동거@TV동물농장 131222',,
562, '새끼를 외면한 어미 호랑이 호야 @TV동물농장 140713',,
563, '20130825 TV동물농장 #2(9)',,
564, '버림받은 새끼 황조롱 6남매 새엄마 찾았다 @TV동물농장 140525',,
565, '20130825 TV동물농장 #2(9)',,
566," ""성대모사의 달인",,
567," 앵무새 '랄라' @TV 동물농장 20120701""",,
568, 'TV동물농장 131013 다시보기 #1(3)',,
569, '천재 닭 프로잭트!@TV동물농장 131201',,
570, '멍이(개)-양이(고양이),,
571, 단짝 커플 @TV동물농장 140119',,
572, '2013년 11월의 동물 『삵』',,
573, '400년 전의 편지 이야기_Letter a story of 400 years ago',,
574, '엄청난 식탐의 소유자 능구렁이! 뱀도 잡아먹는다? [황수경의 생활보감] 27회 20171007',,
575, '비숑프리제 출산 영상',,
576, '아기고양이출산,,
577, 냥이가 아파요ㅠ//Cat giving birth// Пополнение в семье ^^',,
578," ""[동물농장] '아기동물들의 성장기' / 'Animal Farm' Review""",,
579, '은비까비의 옛날옛적에 제24화 황금알을 낳는 닭',,
580, 'KBS 검정고무신 3기 38화 아빠의 행복',,
581, '꼬마신랑 쿵도령 14화',,
582, '외눈박이 두눈박이 세눈박이 | 동화 | 한국 동화',,
583, '뱀이준 선물',,
584, '20130825 TV동물농장 #2(9)',,
585, 'SBS TV동물농장 (629회) #4(8)',,
586, 'TV 동물농장 612회 #11',,
587, '고양이 닮은 미니 치타 사바나 캣,,
588, 집착 모성애 @TV동물농장 140504',,
589, '[낭만고양이] 나비의 황금빛 일상 @TV동물농장 140119',,
590, '뱀이준 선물',,
591, '뱀이준 선물',,
592, '커다란 배를 가진 여인 @순간 포착 세상에 이런 일이 141127',,
593, '신생아 돌보기의 달인 @생활의 달인 20120924',,
594, '초보엄마가 알아야 할 신생아 응급상황',,
595, '성기확대 너무너무 하고 싶고 너무너무 궁금하다면 ... 꼭 보세요.',,
596, '성고수 EO테크닉이란? [이여명 EO테크닉 1편]',,
597, '제27강 닥터박의 행복한성( 성클리닉): 여성을 위한 자위법4',,
598, '제27강 닥터박의 행복한성( 성클리닉): 여성을 위한 자위법4',,
599, '무당 작두보살- 비뇨기과 간호사가 밝히는 엄청난 비밀!',,
600, '무당 작두보살- 충격! 세상에! 남편과 시어머니의 비밀',,
601, '[플레이조커] 구글 검색 성인인증 없이 야동 보는 방법!!',,
602, '무료사이트 . 성인 사이트 . www.macarong.co.kr',,
603, '[플레이조커] 구글 검색 성인인증 없이 야동 보는 방법!!',,
604, '무료사이트 . 성인 사이트 . www.macarong.co.kr',,
605, '[날씨] 내일까지 충남·전북 큰 눈…출근길 영하권 추위 / 연합뉴스TV (YonhapnewsTV)',,
606, '연합뉴스TV 생방송 (LIVE & NEWS)',,
607," ""화성에 액체상태 '물'...생명체 가능성 / YTN""",,
608," '수몰위기의 섬나라 \'키리바시\'…""죽음의 과정이 진행되고 있다"" / SBS'",,
609, '해저 건설 개발의 새로운 역사! 현대건설 해저터널!',,
610, '버스에서 양아치를 만난 마동석 (feat.여고생)',,
611, '황당한 주차에 대한 사이다응징 #2 황당주차 블랙박스 영상. 김여사 레전드 황당한주차편. [핫짤모음]',,
612," ""[날씨] 내일까지 서쪽 눈·비…출근길 '영하권 추위' / 연합뉴스TV (YonhapnewsTV)""",,
613, '[날씨] 내일 전국 비,,
614, 제주산간 최고 80mm…그친 뒤 기온 ‘뚝’ / KBS뉴스(News)',,
615, '[날씨] 내일까지 충남·전북 큰 눈…출근길 영하권 추위 / 연합뉴스TV (YonhapnewsTV)',,
616, '[날씨] 내일까지 충남·전북 큰 눈…출근길 영하권 추위 / 연합뉴스TV (YonhapnewsTV)',,
617, '4억5천 지닌 노숙인,,
618, 돈·가족 한꺼번에 찾았지만... / YTN (Yes! Top News)',,
619, '마라톤 황영조의 개인 주택 공개 @잘먹고 잘사는 법 20120630',,
620, 'SBS TV동물농장 (Ep.640) 다시보기 #6(2)',,
621, '압수수색 전 보고 했나 안했나…엇갈리는 주장들 / 연합뉴스TV (YonhapnewsTV)',,
622, '연합뉴스TV 생방송 (LIVE & NEWS)',,
623, '靑 특감반원 출신 검찰 수사관 숨진 채 발견 / 연합뉴스TV (YonhapnewsTV)',,
624, '연합뉴스TV 생방송 (LIVE & NEWS)',,
625," ""김정은식 공포정치에 北 군 서열 1·2위도 '벌벌' / YTN""",,
626, 'KBS 뉴스9 - 장성택,,
627, 불손한 태도 김정은 심기 거슬렸나?',,
628, '[LIVE] 언제,,
629, 어디서나 KBS 24시 뉴스',,
630, '[북한은 오늘] 북한 군이 군사분계선을 넘는 이유',,
631, '연합뉴스TV 생방송 (LIVE & NEWS)'],,
