0,['(다반뉴스) 윤석열,['신의한수',-['신의한수'
1, 문재인에 핵전쟁 선포!!! 황교안, 'YTN NEWS',['신의한수'- 'YTN NEWS'
2, 김세연 추방 시켰다!!! / 신의한수 19.12.02', 'JTBC News', 'YTN NEWS'- 'JTBC News'
3," ""'죽음의 백조' B-1B 출격...단독비행 배경? / YTN""", 'JTBC News', 'JTBC News'- 'JTBC News'
4," '밤샘토론 114회 - ""나랏돈 풀어 경제살리기", 'SBSCNBC뉴스', 'JTBC News'- 'SBSCNBC뉴스'
5," 문제는 없나?"" (2019.05.31)'", 'EBSDocumentary (EBS 다큐)', 'SBSCNBC뉴스'- 'EBSDocumentary (EBS 다큐)'
6, '밤샘토론 21회 - 전작권 환수 연기, 'YTN NEWS', 'EBSDocumentary (EBS 다큐)'- 'YTN NEWS'
7, 주권 포기 vs 불가피한 선택', 'YTN NEWS', 'YTN NEWS'- 'YTN NEWS'
8, '[직설 라이브] 일본 추가 보복 가능성과 文 5당 대표 회동 결과 분석', 'YTN NEWS', 'YTN NEWS'- 'YTN NEWS'
9, '[EBS 세계테마기행] 행복한열대 캄보디아 1~4부', 'JTBC News', 'YTN NEWS'- 'JTBC News'
10, '[YTN LIVE] 대한민국 24시간 뉴스 채널 YTN', 'YTN NEWS', 'JTBC News'- 'YTN NEWS'
11," '트럼프 ""군사옵션"" 응수...북미 긴장 최고조 / YTN'", 'OhmynewsTV', 'YTN NEWS'- 'OhmynewsTV'
12, '北, 'YTN NEWS', 'OhmynewsTV'- 'YTN NEWS'
13, 선전포고 주장, '채널A 뉴스', 'YTN NEWS'- '채널A 뉴스'
14, 무력시위 앞당기나? / YTN', '채널A 뉴스', '채널A 뉴스'- '채널A 뉴스'
15," '밤샘토론 120회 - ""요동치는 남·북·미 관계", 'JTBC News', '채널A 뉴스'- 'JTBC News'
16," 원인과 해법은?"" (2019.08.23)'", 'JTBC News', 'JTBC News'- 'JTBC News'
17," '김정은 성명 발표...""늙다리 미치광이 불로 다스릴 것"" / YTN'", 'YTN NEWS', 'JTBC News'- 'YTN NEWS'
18," '[풀영상] 신동욱 ""처형 박근혜 대통령", 'YTN NEWS', 'YTN NEWS'- 'YTN NEWS'
19," 지난 10년간 밥 한 끼 산 적 없다""(오마이TV)'", 'YTN NEWS', 'YTN NEWS'- 'YTN NEWS'
20," '北 ""김정은 암살 모의한 남한 간첩 2명 체포"" / YTN'", 'SBS 뉴스', 'YTN NEWS'- 'SBS 뉴스'
21, '北 ‘직파 간첩’ 9년 만에 검거…국적세탁 후 스님 행세 | 사건상황실', 'YTN NEWS', 'SBS 뉴스'- 'YTN NEWS'
22, '박종진의 쾌도난마 - 고영환, 'YTN NEWS', 'YTN NEWS'- 'YTN NEWS'
23, 북한체제 왜 무너지지 않을까?_채널A', '채널A 뉴스', 'YTN NEWS'- '채널A 뉴스'
24," '밤샘토론 117회 - ""출구 안 보이는 한일 갈등", '디지틀조선TV', '채널A 뉴스'- '디지틀조선TV'
25," 해법은 없나?"" (2019.07.12)'", '뉴스TVCHOSUN', '디지틀조선TV'- '뉴스TVCHOSUN'
26, '밤샘토론 27회 - 사드(THAAD) 필요한가 아닌가?', '연합뉴스TV', '뉴스TVCHOSUN'- '연합뉴스TV'
27, '류여해, '연합뉴스TV', '연합뉴스TV'- '연합뉴스TV'
28, 결국 제명... 洪 성희롱 발언으로 맞불 / YTN', 'YTN NEWS', '연합뉴스TV'- 'YTN NEWS'
29, '홍준표는 왜 류여해를 버렸나? / YTN', '연합뉴스TV', 'YTN NEWS'- '연합뉴스TV'
30," ""北 김정은 '7일 전쟁계획'? / YTN""", 'YTN NEWS', '연합뉴스TV'- 'YTN NEWS'
31," '""백두산 천지가 끓어오른다""..화산 폭발의 조짐 첫 공개 / SBS / 보이스V'", '연합뉴스TV', 'YTN NEWS'- '연합뉴스TV'
32, '북한군, 'YTN NEWS', '연합뉴스TV'- 'YTN NEWS'
33, 서부전선서 우리 군에 확성기에 사격 / YTN', '연합뉴스TV', 'YTN NEWS'- '연합뉴스TV'
34," ""핵미사일 탑재 'B-52'...북한에게 '무력시위' / YTN""", 'YTN NEWS', '연합뉴스TV'- 'YTN NEWS'
35, '김정은 제거작전, '연합뉴스TV', 'YTN NEWS'- '연합뉴스TV'
36, F22 랩터 뜨면 오산서 7분만에 평양 정밀 타격?', 'YTN NEWS', '연합뉴스TV'- 'YTN NEWS'
37, '문재인 조국 큰일났다! 김은경 전 장관 드디어 입 열다.[진성호 가라사대 ]', '연합뉴스TV', 'YTN NEWS'- '연합뉴스TV'
38," ""조국 수사팀이 유시민 맡는다…직접 수사 두고 '논란'""", 'YTN NEWS', '연합뉴스TV'- 'YTN NEWS'
39, '[풀영상] 대검찰청 국정감사…윤석열 검찰총장 출석 -2 / 연합뉴스TV (YonhapnewsTV)', '연합뉴스TV', 'YTN NEWS'- '연합뉴스TV'
40, '연합뉴스TV 생방송 (LIVE & NEWS)', 'YTN NEWS', '연합뉴스TV'- 'YTN NEWS'
41, '[YTN LIVE] 대한민국 24시간 뉴스 채널 YTN', '연합뉴스TV', 'YTN NEWS'- '연합뉴스TV'
42, '연합뉴스TV 생방송 (LIVE & NEWS)', 'YTN NEWS', '연합뉴스TV'- 'YTN NEWS'
43, '[YTN LIVE] 대한민국 24시간 뉴스 채널 YTN', '연합뉴스TV', 'YTN NEWS'- '연합뉴스TV'
44, '연합뉴스TV 생방송 (LIVE & NEWS)', 'YTN NEWS', '연합뉴스TV'- 'YTN NEWS'
45, '[YTN LIVE] 대한민국 24시간 뉴스 채널 YTN', '연합뉴스TV', 'YTN NEWS'- '연합뉴스TV'
46, '연합뉴스TV 생방송 (LIVE & NEWS)', 'YTN NEWS', '연합뉴스TV'- 'YTN NEWS'
47, '[YTN LIVE] 대한민국 24시간 뉴스 채널 YTN', '연합뉴스TV', 'YTN NEWS'- '연합뉴스TV'
48, '연합뉴스TV 생방송 (LIVE & NEWS)', 'YTN NEWS', '연합뉴스TV'- 'YTN NEWS'
49, '[YTN LIVE] 대한민국 24시간 뉴스 채널 YTN', '연합뉴스TV', 'YTN NEWS'- '연합뉴스TV'
50, '연합뉴스TV 생방송 (LIVE & NEWS)', '연합뉴스TV', '연합뉴스TV'- '연합뉴스TV'
51, '[YTN LIVE] 대한민국 24시간 뉴스 채널 YTN', 'YTN NEWS', '연합뉴스TV'- 'YTN NEWS'
52, '연합뉴스TV 생방송 (LIVE & NEWS)', '연합뉴스TV', 'YTN NEWS'- '연합뉴스TV'
53, '[YTN LIVE] 대한민국 24시간 뉴스 채널 YTN', 'YTN NEWS', '연합뉴스TV'- 'YTN NEWS'
54, '연합뉴스TV 생방송 (LIVE & NEWS)', '연합뉴스TV', 'YTN NEWS'- '연합뉴스TV'
55, '[YTN LIVE] 대한민국 24시간 뉴스 채널 YTN', 'YTN NEWS', '연합뉴스TV'- 'YTN NEWS'
56, '연합뉴스TV 생방송 (LIVE & NEWS)', '연합뉴스TV', 'YTN NEWS'- '연합뉴스TV'
57, '[YTN LIVE] 대한민국 24시간 뉴스 채널 YTN', 'YTN NEWS', '연합뉴스TV'- 'YTN NEWS'
58, '연합뉴스TV 생방송 (LIVE & NEWS)', '연합뉴스TV', 'YTN NEWS'- '연합뉴스TV'
59, '[YTN LIVE] 대한민국 24시간 뉴스 채널 YTN', 'YTN NEWS', '연합뉴스TV'- 'YTN NEWS'
60, '연합뉴스TV 생방송 (LIVE & NEWS)', '연합뉴스TV', 'YTN NEWS'- '연합뉴스TV'
61, '[YTN LIVE] 대한민국 24시간 뉴스 채널 YTN', 'YTN NEWS', '연합뉴스TV'- 'YTN NEWS'
62, '연합뉴스TV 생방송 (LIVE & NEWS)', '연합뉴스TV', 'YTN NEWS'- '연합뉴스TV'
63, '연합뉴스TV 생방송 (LIVE & NEWS)', 'YTN NEWS', '연합뉴스TV'- 'YTN NEWS'
64, '[YTN LIVE] 대한민국 24시간 뉴스 채널 YTN', '연합뉴스TV', 'YTN NEWS'- '연합뉴스TV'
65, '연합뉴스TV 생방송 (LIVE & NEWS)', 'YTN NEWS', '연합뉴스TV'- 'YTN NEWS'
66, '[YTN LIVE] 대한민국 24시간 뉴스 채널 YTN', '연합뉴스TV', 'YTN NEWS'- '연합뉴스TV'
67, '연합뉴스TV 생방송 (LIVE & NEWS)', 'YTN NEWS', '연합뉴스TV'- 'YTN NEWS'
68, '[YTN LIVE] 대한민국 24시간 뉴스 채널 YTN', '연합뉴스TV', 'YTN NEWS'- '연합뉴스TV'
69, '연합뉴스TV 생방송 (LIVE & NEWS)', 'YTN NEWS', '연합뉴스TV'- 'YTN NEWS'
70, '[YTN LIVE] 대한민국 24시간 뉴스 채널 YTN', '연합뉴스TV', 'YTN NEWS'- '연합뉴스TV'
71, '연합뉴스TV 생방송 (LIVE & NEWS)', 'YTN NEWS', '연합뉴스TV'- 'YTN NEWS'
72, '[YTN LIVE] 대한민국 24시간 뉴스 채널 YTN', '연합뉴스TV', 'YTN NEWS'- '연합뉴스TV'
73, '연합뉴스TV 생방송 (LIVE & NEWS)', 'YTN NEWS', '연합뉴스TV'- 'YTN NEWS'
74, '[YTN LIVE] 대한민국 24시간 뉴스 채널 YTN', '연합뉴스TV', 'YTN NEWS'- '연합뉴스TV'
75, '연합뉴스TV 생방송 (LIVE & NEWS)', 'YTN NEWS', '연합뉴스TV'- 'YTN NEWS'
76, '[YTN LIVE] 대한민국 24시간 뉴스 채널 YTN', 'YTN NEWS', 'YTN NEWS'- 'YTN NEWS'
77, '연합뉴스TV 생방송 (LIVE & NEWS)', '연합뉴스TV', 'YTN NEWS'- '연합뉴스TV'
78, '[YTN LIVE] 대한민국 24시간 뉴스 채널 YTN', 'YTN NEWS', '연합뉴스TV'- 'YTN NEWS'
79, '연합뉴스TV 생방송 (LIVE & NEWS)', '연합뉴스TV', 'YTN NEWS'- '연합뉴스TV'
80, '[YTN LIVE] 대한민국 24시간 뉴스 채널 YTN', 'YTN NEWS', '연합뉴스TV'- 'YTN NEWS'
81, '연합뉴스TV 생방송 (LIVE & NEWS)', '연합뉴스TV', 'YTN NEWS'- '연합뉴스TV'
82, '[YTN LIVE] 대한민국 24시간 뉴스 채널 YTN', 'YTN NEWS', '연합뉴스TV'- 'YTN NEWS'
83, '연합뉴스TV 생방송 (LIVE & NEWS)', '연합뉴스TV', 'YTN NEWS'- '연합뉴스TV'
84, '[YTN LIVE] 대한민국 24시간 뉴스 채널 YTN', 'YTN NEWS', '연합뉴스TV'- 'YTN NEWS'
85, '연합뉴스TV 생방송 (LIVE & NEWS)', '연합뉴스TV', 'YTN NEWS'- '연합뉴스TV'
86, '[YTN LIVE] 대한민국 24시간 뉴스 채널 YTN', 'YTN NEWS', '연합뉴스TV'- 'YTN NEWS'
87, '연합뉴스TV 생방송 (LIVE & NEWS)', '연합뉴스TV', 'YTN NEWS'- '연합뉴스TV'
88, '[YTN LIVE] 대한민국 24시간 뉴스 채널 YTN', '연합뉴스TV', '연합뉴스TV'- '연합뉴스TV'
89, '[YTN LIVE] 대한민국 24시간 뉴스 채널 YTN', 'YTN NEWS', '연합뉴스TV'- 'YTN NEWS'
90, '연합뉴스TV 생방송 (LIVE & NEWS)', '연합뉴스TV', 'YTN NEWS'- '연합뉴스TV'
91, '[YTN LIVE] 대한민국 24시간 뉴스 채널 YTN', 'YTN NEWS', '연합뉴스TV'- 'YTN NEWS'
92, '연합뉴스TV 생방송 (LIVE & NEWS)', '연합뉴스TV', 'YTN NEWS'- '연합뉴스TV'
93, '[YTN LIVE] 대한민국 24시간 뉴스 채널 YTN', 'YTN NEWS', '연합뉴스TV'- 'YTN NEWS'
94, '연합뉴스TV 생방송 (LIVE & NEWS)', 'SBS 뉴스', 'YTN NEWS'- 'SBS 뉴스'
95, '[YTN LIVE] 대한민국 24시간 뉴스 채널 YTN', 'JTBC News', 'SBS 뉴스'- 'JTBC News'
96, '연합뉴스TV 생방송 (LIVE & NEWS)', 'JTBC News', 'JTBC News'- 'JTBC News'
97, '[YTN LIVE] 대한민국 24시간 뉴스 채널 YTN', 'JTBC News', 'JTBC News'- 'JTBC News'
98, '연합뉴스TV 생방송 (LIVE & NEWS)', 'JTBC News', 'JTBC News'- 'JTBC News'
99, '[YTN LIVE] 대한민국 24시간 뉴스 채널 YTN', 'YTN NEWS', 'JTBC News'- 'YTN NEWS'
100, '연합뉴스TV 생방송 (LIVE & NEWS)', 'YTN NEWS', 'YTN NEWS'- 'YTN NEWS'
101, '연합뉴스TV 생방송 (LIVE & NEWS)', '불광미디어', 'YTN NEWS'- '불광미디어'
102, '[YTN LIVE] 대한민국 24시간 뉴스 채널 YTN', '조회수1234만회', '불광미디어'- '조회수1234만회'
103, '연합뉴스TV 생방송 (LIVE & NEWS)', '돈파는가게_세상의 모든 재테크', '조회수1234만회'- '돈파는가게_세상의 모든 재테크'
104, '[YTN LIVE] 대한민국 24시간 뉴스 채널 YTN', '도도뉴스', '돈파는가게_세상의 모든 재테크'- '도도뉴스'
105, '연합뉴스TV 생방송 (LIVE & NEWS)', 'KBS뉴스 경남', '도도뉴스'- 'KBS뉴스 경남'
106, '[YTN LIVE] 대한민국 24시간 뉴스 채널 YTN', '학림tv', 'KBS뉴스 경남'- '학림tv'
107," ""'이번엔 예산 횡령'…김태우 수사관 추가 폭로 기자회견 (풀영상) / SBS""", '최고수익률', '학림tv'- '최고수익률'
108, '밤샘토론 21회 - 전작권 환수 연기, 'Minos Tube', '최고수익률'- 'Minos Tube'
109, 주권 포기 vs 불가피한 선택', '독일빵', 'Minos Tube'- '독일빵'
110, '밤샘토론 21회 - 전작권 환수 연기, '건국TV', '독일빵'- '건국TV'
111, 주권 포기 vs 불가피한 선택', '게릴라Guerilla', '건국TV'- '게릴라Guerilla'
112," '밤샘토론 118회 - ""격화되는 한일 갈등", '좋은 아침', '게릴라Guerilla'- '좋은 아침'
113," 파국 피할 해법은?"" (2019.07.26)'", '나산', '좋은 아침'- '나산'
114," '밤샘토론 116회 - ""요동치는 정국", '고성국TV', '나산'- '고성국TV'
115," 여야의 셈법은?"" (2019.06.28)'", '고성국TV', '고성국TV'- '고성국TV'
116," '김민기 서울의료원장 사임...""간호사 사망 사건에 책임"" / YTN'", 'YTN NEWS', '고성국TV'- 'YTN NEWS'
117," '""트럼프", 'YTN NEWS', 'YTN NEWS'- 'YTN NEWS'
118," 한국 핵무장 검토...현실성은?"" / YTN'", 'JTBC News', 'YTN NEWS'- 'JTBC News'
119, '최배근-아베정권의 도발 [학림 한일 경제전쟁 긴급진단 1강]', 'EBSDocumentary (EBS 다큐)', 'JTBC News'- 'EBSDocumentary (EBS 다큐)'
120, '잘가요 일본/국제통화기구의 소름돋는 히든카드 등장 !!이제는 정말 끝나는 건가?충격의 일본 실시간 반응 일본반응', '펜앤드마이크TV', 'EBSDocumentary (EBS 다큐)'- '펜앤드마이크TV'
121, '일본이 망하는 7가지 이유와 엔화의 운명', '고성국TV', '펜앤드마이크TV'- '고성국TV'
122," '일본언론 ""일본 아베수상이 한국에 무역분쟁을 일으킨 진짜 이유"" ""이번이 한국이 일본을 넘어설 수 있는 기회로 만들어야 한다""'", '고성국TV', '고성국TV'- '고성국TV'
123, '일본의 경제 보복, 'YTN NEWS', '고성국TV'- 'YTN NEWS'
124, 첨단 기술로 이긴다!', '채널A 뉴스', 'YTN NEWS'- '채널A 뉴스'
125, '[최배근] 특별강좌-한일 경제전쟁 긴급진단 1강. 아베정권의 도발', 'SBS 뉴스', '채널A 뉴스'- 'SBS 뉴스'
126," '미국을 바꿔버릴 한 명의 유대인 때문에 ""한국 웃고 일본 운다""'", 'YTN NEWS', 'SBS 뉴스'- 'YTN NEWS'
127, '일부다처제에 대한 불만으로 이혼하는 여성이 많아지는 카자흐스탄, 'YTN NEWS', 'YTN NEWS'- 'YTN NEWS'
128, 한국남자에게 블루오션', 'JTBC News', 'YTN NEWS'- 'JTBC News'
129, '실제로 존재하는 거인녀', 'YTN NEWS', 'JTBC News'- 'YTN NEWS'
130, '개만도 못한 놈이 대통령이됐다.... 뽀빠이 이상용의 직격탄~~폭소 폭발~~', 'JTBC News', 'YTN NEWS'- 'JTBC News'
131, '김재규 무덤에서...무서워요', 'SBS 뉴스', 'JTBC News'- 'SBS 뉴스'
132," '이금희 남편 이상벽 결혼 ""다이어트""..하차이유. 이금희 이상벽 스캔들. 진실이 드러나다.'", 'JTBC News', 'SBS 뉴스'- 'JTBC News'
133, '소름돋는 황교안의 운명! 대한민국 대통령에 당선이 될것인가?', '뉴스TVCHOSUN', 'JTBC News'- '뉴스TVCHOSUN'
134, '황교안이 기적을 만들었다. [김성은교수 특별대담]', '채널A 뉴스TOP10', '뉴스TVCHOSUN'- '채널A 뉴스TOP10'
135, '박근혜대통령 탄핵과 재판의 거짓과 진실, '채널A 뉴스TOP10', '채널A 뉴스TOP10'- '채널A 뉴스TOP10'
136, 서정욱편', '채널A 뉴스TOP10', '채널A 뉴스TOP10'- '채널A 뉴스TOP10'
137, '잔인한 北, '채널A 뉴스', '채널A 뉴스TOP10'- '채널A 뉴스'
138, 네 가족이 어떻게 죽는지 봐라? / YTN', 'JTBC News', '채널A 뉴스'- 'JTBC News'
139," ""문 대통령", 'SBS 뉴스', 'JTBC News'- 'SBS 뉴스'
140," 김영철에 '비핵화 방법론' 언급 / YTN""", '연합뉴스TV', 'SBS 뉴스'- '연합뉴스TV'
141, '밤샘토론 21회 - 전작권 환수 연기, '연합뉴스TV', '연합뉴스TV'- '연합뉴스TV'
142, 주권 포기 vs 불가피한 선택', 'JTBC News', '연합뉴스TV'- 'JTBC News'
143, '[EBS 세계테마기행] 페루 대탐험 1~4부', 'JTBC News', 'JTBC News'- 'JTBC News'
144, '11월 28일 [특보] 정규재와 함께하는 아침뉴스', 'JTBC News', 'JTBC News'- 'JTBC News'
145," '[김문수 특별대담] ""김무성 출당"" 논쟁'", 'JTBC News', 'JTBC News'- 'JTBC News'
146, '김정숙, 'JTBC News', 'JTBC News'- 'JTBC News'
147, 드루킹 문다혜 손혜원한테 발목 잡힌다 [서정욱의 법보다 주먹]', 'JTBC News', 'JTBC News'- 'JTBC News'
148, '특검·김경수 150분 승부...영장 결과 주목 / YTN', 'JTBC News', 'JTBC News'- 'JTBC News'
149, '與 ‘윤석열 사퇴론’ 공개 거론…임명 2개월 만에? | 정치데스크', '채널A 뉴스', 'JTBC News'- '채널A 뉴스'
150," '""손혜원 사퇴·국정조사 추진"" 2野 맹공…민주당은 침묵 / SBS / 주영진의 뉴스브리핑'", 'JTBC News', '채널A 뉴스'- 'JTBC News'
151," '조국 후폭풍...문 대통령 지지율 ""취임 후 최저"" / YTN'", 'JTBC News', 'JTBC News'- 'JTBC News'
152," ""'죽음의 백조' B-1B 출격...단독비행 배경? / YTN""", 'JTBC News', 'JTBC News'- 'JTBC News'
153," '밤샘토론 114회 - ""나랏돈 풀어 경제살리기", 'JTBC News', 'JTBC News'- 'JTBC News'
154," 문제는 없나?"" (2019.05.31)'", 'JTBC News', 'JTBC News'- 'JTBC News'
155, '나경원 vs 심상정 2라운드 공방...승자는? / YTN', 'JTBC News', 'JTBC News'- 'JTBC News'
156, '밤샘토론 21회 - 전작권 환수 연기, 'JTBC News', 'JTBC News'- 'JTBC News'
157, 주권 포기 vs 불가피한 선택', 'JTBC News', 'JTBC News'- 'JTBC News'
158," ""'이번엔 예산 횡령'…김태우 수사관 추가 폭로 기자회견 (풀영상) / SBS""", 'JTBC News', 'JTBC News'- 'JTBC News'
159, '밤샘토론 21회 - 전작권 환수 연기, 'JTBC News', 'JTBC News'- 'JTBC News'
160, 주권 포기 vs 불가피한 선택', 'JTBC News', 'JTBC News'- 'JTBC News'
161," ""조국 수사팀이 유시민 맡는다…직접 수사 두고 '논란'""", 'JTBC News', 'JTBC News'- 'JTBC News'
162, '“유시민 작가는…” 윤석열의 경고', 'JTBC News', 'JTBC News'- 'JTBC News'
163, '‘5천만원 송금’ 조국 돈 아니다?', 'JTBC News', 'JTBC News'- 'JTBC News'
164, '‘5천만 원’ 조국 돈 아니다? ·문 대통령 모친 위독 ‘부산행’ | 2019년 10월 29일 뉴스 TOP10', 'JTBC News', 'JTBC News'- 'JTBC News'
165," ""민정수석의 가상화폐 투자?", 'JTBC News', 'JTBC News'- 'JTBC News'
166," 정경심 붙들어 맨 '녹음' | 2019년 10월 25일 정치데스크""", 'OhmynewsTV', 'JTBC News'- 'OhmynewsTV'
167, '밤샘토론 125회 - 최악의 국회, 'JTBC News', 'OhmynewsTV'- 'JTBC News'
168, 어떻게 바꿀 것인가? (2019.11.15)', 'OhmynewsTV', 'JTBC News'- 'OhmynewsTV'
169," ""웃었던 유재수", 'JTBC News', 'OhmynewsTV'- 'JTBC News'
170," 나올 땐 구속…'조국 윗선' 겨누는 칼날 / SBS / 주영진의 뉴스브리핑""", 'JTBC News', 'JTBC News'- 'JTBC News'
171, '[풀영상] 대검찰청 국정감사…윤석열 검찰총장 출석 -3 / 연합뉴스TV (YonhapnewsTV)', 'JTBC News', 'JTBC News'- 'JTBC News'
172, '연합뉴스TV 생방송 (LIVE & NEWS)', 'OhmynewsTV', 'JTBC News'- 'OhmynewsTV'
173, '밤샘토론 21회 - 전작권 환수 연기, 'JTBC News', 'OhmynewsTV'- 'JTBC News'
174, 주권 포기 vs 불가피한 선택', 'JTBC News', 'JTBC News'- 'JTBC News'
175, '밤샘토론 27회 - 사드(THAAD) 필요한가 아닌가?', 'OhmynewsTV', 'JTBC News'- 'OhmynewsTV'
176, '밤샘토론 21회 - 전작권 환수 연기, 'JTBC News', 'OhmynewsTV'- 'JTBC News'
177, 주권 포기 vs 불가피한 선택', 'JTBC News', 'JTBC News'- 'JTBC News'
178," '밤샘토론 114회 - ""나랏돈 풀어 경제살리기", 'JTBC News', 'JTBC News'- 'JTBC News'
179," 문제는 없나?"" (2019.05.31)'", 'JTBC News', 'JTBC News'- 'JTBC News'
180, '밤샘토론 21회 - 전작권 환수 연기, 'JTBC News', 'JTBC News'- 'JTBC News'
181, 주권 포기 vs 불가피한 선택', 'JTBC News', 'JTBC News'- 'JTBC News'
182," '밤샘토론 114회 - ""나랏돈 풀어 경제살리기", 'JTBC News', 'JTBC News'- 'JTBC News'
183," 문제는 없나?"" (2019.05.31)'", 'JTBC News', 'JTBC News'- 'JTBC News'
184, '밤샘토론 21회 - 전작권 환수 연기, 'JTBC News', 'JTBC News'- 'JTBC News'
185, 주권 포기 vs 불가피한 선택', 'JTBC News', 'JTBC News'- 'JTBC News'
186, '與 ‘윤석열 사퇴론’ 공개 거론…임명 2개월 만에? | 정치데스크', 'JTBC News', 'JTBC News'- 'JTBC News'
187, '밤샘토론 21회 - 전작권 환수 연기, 'SBSCNBC뉴스', 'JTBC News'- 'SBSCNBC뉴스'
188, 주권 포기 vs 불가피한 선택', 'JTBC News', 'SBSCNBC뉴스'- 'JTBC News'
189," '밤샘토론 114회 - ""나랏돈 풀어 경제살리기", 'JTBC News', 'JTBC News'- 'JTBC News'
190," 문제는 없나?"" (2019.05.31)'", 'JTBC News', 'JTBC News'- 'JTBC News'
191, '밤샘토론 21회 - 전작권 환수 연기, 'JTBC News', 'JTBC News'- 'JTBC News'
192, 주권 포기 vs 불가피한 선택', 'JTBC News', 'JTBC News'- 'JTBC News'
193," '밤샘토론 114회 - ""나랏돈 풀어 경제살리기", 'JTBC News', 'JTBC News'- 'JTBC News'
194," 문제는 없나?"" (2019.05.31)'", 'JTBC News', 'JTBC News'- 'JTBC News'
195, '밤샘토론 21회 - 전작권 환수 연기, 'JTBC News', 'JTBC News'- 'JTBC News'
196, 주권 포기 vs 불가피한 선택', 'JTBC News', 'JTBC News'- 'JTBC News'
197," '밤샘토론 114회 - ""나랏돈 풀어 경제살리기", 'JTBC News', 'JTBC News'- 'JTBC News'
198," 문제는 없나?"" (2019.05.31)'", 'JTBC News', 'JTBC News'- 'JTBC News'
199, '밤샘토론 27회 - 사드(THAAD) 필요한가 아닌가?', 'JTBC News', 'JTBC News'- 'JTBC News'
200," '밤샘토론 114회 - ""나랏돈 풀어 경제살리기", 'JTBC News', 'JTBC News'- 'JTBC News'
201," 문제는 없나?"" (2019.05.31)'", 'JTBC News', 'JTBC News'- 'JTBC News'
202, '밤샘토론 27회 - 사드(THAAD) 필요한가 아닌가?', 'OhmynewsTV', 'JTBC News'- 'OhmynewsTV'
203," '밤샘토론 114회 - ""나랏돈 풀어 경제살리기", 'HankyorehTV', 'OhmynewsTV'- 'HankyorehTV'
204," 문제는 없나?"" (2019.05.31)'", 'HankyorehTV', 'HankyorehTV'- 'HankyorehTV'
205, '밤샘토론 21회 - 전작권 환수 연기, 'HankyorehTV', 'HankyorehTV'- 'HankyorehTV'
206, 주권 포기 vs 불가피한 선택', 'HankyorehTV', 'HankyorehTV'- 'HankyorehTV'
207," '밤샘토론 114회 - ""나랏돈 풀어 경제살리기", 'HankyorehTV', 'HankyorehTV'- 'HankyorehTV'
208," 문제는 없나?"" (2019.05.31)'", 'HankyorehTV', 'HankyorehTV'- 'HankyorehTV'
209, '밤샘토론 21회 - 전작권 환수 연기, 'newstapa', 'HankyorehTV'- 'newstapa'
210, 주권 포기 vs 불가피한 선택', 'OhmynewsTV', 'newstapa'- 'OhmynewsTV'
211," '밤샘토론 114회 - ""나랏돈 풀어 경제살리기", 'JTBC News', 'OhmynewsTV'- 'JTBC News'
212," 문제는 없나?"" (2019.05.31)'", 'JTBC News', 'JTBC News'- 'JTBC News'
213, '밤샘토론 21회 - 전작권 환수 연기, 'JTBC News', 'JTBC News'- 'JTBC News'
214, 주권 포기 vs 불가피한 선택', 'JTBC News', 'JTBC News'- 'JTBC News'
215," '밤샘토론 114회 - ""나랏돈 풀어 경제살리기", 'JTBC News', 'JTBC News'- 'JTBC News'
216," 문제는 없나?"" (2019.05.31)'", 'JTBC News', 'JTBC News'- 'JTBC News'
217," '[풀영상] 신동욱 ""처형 박근혜 대통령", 'JTBC News', 'JTBC News'- 'JTBC News'
218," 지난 10년간 밥 한 끼 산 적 없다""(오마이TV)'", 'JTBC News', 'JTBC News'- 'JTBC News'
219, '밤샘토론 21회 - 전작권 환수 연기, 'JTBC News', 'JTBC News'- 'JTBC News'
220, 주권 포기 vs 불가피한 선택', 'JTBC News', 'JTBC News'- 'JTBC News'
221," '[풀영상] 신동욱 ""처형 박근혜 대통령", 'JTBC News', 'JTBC News'- 'JTBC News'
222," 지난 10년간 밥 한 끼 산 적 없다""(오마이TV)'", 'JTBC News', 'JTBC News'- 'JTBC News'
223, '밤샘토론 21회 - 전작권 환수 연기, 'OhmynewsTV', 'JTBC News'- 'OhmynewsTV'
224, 주권 포기 vs 불가피한 선택', 'JTBC News', 'OhmynewsTV'- 'JTBC News'
225," '밤샘토론 114회 - ""나랏돈 풀어 경제살리기", 'JTBC News', 'JTBC News'- 'JTBC News'
226," 문제는 없나?"" (2019.05.31)'", 'JTBC News', 'JTBC News'- 'JTBC News'
227, '밤샘토론 21회 - 전작권 환수 연기, 'JTBC News', 'JTBC News'- 'JTBC News'
228, 주권 포기 vs 불가피한 선택', '노래하는역사콘서트', 'JTBC News'- '노래하는역사콘서트'
229," '[풀영상] 신동욱 ""처형 박근혜 대통령", 'KBS 역사저널 그날', '노래하는역사콘서트'- 'KBS 역사저널 그날'
230," 지난 10년간 밥 한 끼 산 적 없다""(오마이TV)'", 'KBS 역사저널 그날', 'KBS 역사저널 그날'- 'KBS 역사저널 그날'
231, '밤샘토론 21회 - 전작권 환수 연기, '달빛뮤즈', 'KBS 역사저널 그날'- '달빛뮤즈'
232, 주권 포기 vs 불가피한 선택', '달빛뮤즈', '달빛뮤즈'- '달빛뮤즈'
233," '밤샘토론 114회 - ""나랏돈 풀어 경제살리기", '달빛뮤즈', '달빛뮤즈'- '달빛뮤즈'
234," 문제는 없나?"" (2019.05.31)'", '띵잘 [띵작 추천해주는 잘생긴 남자]', '달빛뮤즈'- '띵잘 [띵작 추천해주는 잘생긴 남자]'
235," '[풀영상] 신동욱 ""처형 박근혜 대통령", 'OhmynewsTV', '띵잘 [띵작 추천해주는 잘생긴 남자]'- 'OhmynewsTV'
236," 지난 10년간 밥 한 끼 산 적 없다""(오마이TV)'", 'JTBC News', 'OhmynewsTV'- 'JTBC News'
237, '밤샘토론 21회 - 전작권 환수 연기, 'JTBC News', 'JTBC News'- 'JTBC News'
238, 주권 포기 vs 불가피한 선택', 'JTBC News', 'JTBC News'- 'JTBC News'
239, '밤샘토론 21회 - 전작권 환수 연기, 'JTBC News', 'JTBC News'- 'JTBC News'
240, 주권 포기 vs 불가피한 선택', 'JTBC News', 'JTBC News'- 'JTBC News'
241, '밤샘토론 21회 - 전작권 환수 연기, 'JTBC News', 'JTBC News'- 'JTBC News'
242, 주권 포기 vs 불가피한 선택', 'JTBC News', 'JTBC News'- 'JTBC News'
243," '밤샘토론 114회 - ""나랏돈 풀어 경제살리기", 'JTBC News', 'JTBC News'- 'JTBC News'
244," 문제는 없나?"" (2019.05.31)'", 'JTBC News', 'JTBC News'- 'JTBC News'
245, '밤샘토론 21회 - 전작권 환수 연기, 'EBSDocumentary (EBS 다큐)', 'JTBC News'- 'EBSDocumentary (EBS 다큐)'
246, 주권 포기 vs 불가피한 선택', '조회수1234만회', 'EBSDocumentary (EBS 다큐)'- '조회수1234만회'
247," '밤샘토론 114회 - ""나랏돈 풀어 경제살리기", '뀨엣Tech', '조회수1234만회'- '뀨엣Tech'
248," 문제는 없나?"" (2019.05.31)'", '너알아TV-', '뀨엣Tech'- '너알아TV-'
249, '밤샘토론 21회 - 전작권 환수 연기, '너알아TV-', '너알아TV-'- '너알아TV-'
250, 주권 포기 vs 불가피한 선택', 'EBSDocumentary (EBS 다큐)', '너알아TV-'- 'EBSDocumentary (EBS 다큐)'
251," '밤샘토론 114회 - ""나랏돈 풀어 경제살리기", '걸어서 세계속으로', 'EBSDocumentary (EBS 다큐)'- '걸어서 세계속으로'
252," 문제는 없나?"" (2019.05.31)'", '신의한수', '걸어서 세계속으로'- '신의한수'
253, '밤샘토론 21회 - 전작권 환수 연기, '신의한수', '신의한수'- '신의한수'
254, 주권 포기 vs 불가피한 선택', '신의한수', '신의한수'- '신의한수'
255," '밤샘토론 114회 - ""나랏돈 풀어 경제살리기", '신의한수', '신의한수'- '신의한수'
256," 문제는 없나?"" (2019.05.31)'", '신의한수', '신의한수'- '신의한수'
257, '밤샘토론 21회 - 전작권 환수 연기, '신의한수', '신의한수'- '신의한수'
258, 주권 포기 vs 불가피한 선택', '김태우TV', '신의한수'- '김태우TV'
259, '[직설 라이브] 일본 추가 보복 가능성과 文 5당 대표 회동 결과 분석', 'EBSDocumentary (EBS 다큐)', '김태우TV'- 'EBSDocumentary (EBS 다큐)'
260, '밤샘토론 21회 - 전작권 환수 연기, '신의한수', 'EBSDocumentary (EBS 다큐)'- '신의한수'
261, 주권 포기 vs 불가피한 선택', 'JTBC News', '신의한수'- 'JTBC News'
262," '밤샘토론 114회 - ""나랏돈 풀어 경제살리기", 'JTBC News', 'JTBC News'- 'JTBC News'
263," 문제는 없나?"" (2019.05.31)'", 'JTBC News', 'JTBC News'- 'JTBC News'
264, '밤샘토론 21회 - 전작권 환수 연기, 'JTBC News', 'JTBC News'- 'JTBC News'
265, 주권 포기 vs 불가피한 선택', 'JTBC News', 'JTBC News'- 'JTBC News'
266," '밤샘토론 114회 - ""나랏돈 풀어 경제살리기", 'JTBC News', 'JTBC News'- 'JTBC News'
267," 문제는 없나?"" (2019.05.31)'", 'JTBC News', 'JTBC News'- 'JTBC News'
268, '밤샘토론 21회 - 전작권 환수 연기, 'JTBC News', 'JTBC News'- 'JTBC News'
269, 주권 포기 vs 불가피한 선택', 'JTBC News', 'JTBC News'- 'JTBC News'
270," '밤샘토론 114회 - ""나랏돈 풀어 경제살리기", '고성국TV', 'JTBC News'- '고성국TV'
271," 문제는 없나?"" (2019.05.31)'", '고성국TV', '고성국TV'- '고성국TV'
272, '밤샘토론 21회 - 전작권 환수 연기, 'EBSDocumentary (EBS 다큐)', '고성국TV'- 'EBSDocumentary (EBS 다큐)'
273, 주권 포기 vs 불가피한 선택', 'EBSDocumentary (EBS 다큐)', 'EBSDocumentary (EBS 다큐)'- 'EBSDocumentary (EBS 다큐)'
274," '밤샘토론 114회 - ""나랏돈 풀어 경제살리기", 'KOREAN DIASPORA KBS', 'EBSDocumentary (EBS 다큐)'- 'KOREAN DIASPORA KBS'
275," 문제는 없나?"" (2019.05.31)'", '울산MBC_뮤직', 'KOREAN DIASPORA KBS'- '울산MBC_뮤직'
276, '밤샘토론 21회 - 전작권 환수 연기, '가로세로연구소', '울산MBC_뮤직'- '가로세로연구소'
277, 주권 포기 vs 불가피한 선택', '김용호연예부장', '가로세로연구소'- '김용호연예부장'
278," '밤샘토론 114회 - ""나랏돈 풀어 경제살리기", 'HyunWoo Yoon', '김용호연예부장'- 'HyunWoo Yoon'
279," 문제는 없나?"" (2019.05.31)'", 'KRVBA TV', 'HyunWoo Yoon'- 'KRVBA TV'
280, '밤샘토론 21회 - 전작권 환수 연기, 'HyunWoo Yoon', 'KRVBA TV'- 'HyunWoo Yoon'
281, 주권 포기 vs 불가피한 선택', 'HyunWoo Yoon', 'HyunWoo Yoon'- 'HyunWoo Yoon'
282," '밤샘토론 114회 - ""나랏돈 풀어 경제살리기", 'HyunWoo Yoon', 'HyunWoo Yoon'- 'HyunWoo Yoon'
283," 문제는 없나?"" (2019.05.31)'", '潛伏', 'HyunWoo Yoon'- '潛伏'
284, '밤샘토론 21회 - 전작권 환수 연기, '수파도프', '潛伏'- '수파도프'
285, 주권 포기 vs 불가피한 선택', '옛송TV : 옛날 노래 모음', '수파도프'- '옛송TV : 옛날 노래 모음'
286," '밤샘토론 114회 - ""나랏돈 풀어 경제살리기"," ""보고 듣는 음악잡지'반도사사'"""," '옛송TV : 옛날 노래 모음'- ""보고 듣는 음악잡지'반도사사'"""
287," 문제는 없나?"" (2019.05.31)'"," ""보고 듣는 음악잡지'반도사사'"""," ""보고 듣는 음악잡지'반도사사'""- ""보고 듣는 음악잡지'반도사사'"""
288," '[풀영상] 신동욱 ""처형 박근혜 대통령", 'WatchMojo.com'," ""보고 듣는 음악잡지'반도사사'""- 'WatchMojo.com'"
289," 지난 10년간 밥 한 끼 산 적 없다""(오마이TV)'", 'Alizee Defan', 'WatchMojo.com'- 'Alizee Defan'
290, '[김어준의 파파이스#130] 최태민의 아들 그리고 노승일', 'Music is Win', 'Alizee Defan'- 'Music is Win'
291, '[김어준의 파파이스#132] 이용주, 'Brendan Kavanagh', 'Music is Win'- 'Brendan Kavanagh'
292, 장제원 그리고 최순실 예산', 'Normans Rare Guitars', 'Brendan Kavanagh'- 'Normans Rare Guitars'
293, '[김어준의 파파이스#144] 올타임 올스타', '신의한수', 'Normans Rare Guitars'- '신의한수'
294, '도올 김용옥 “경제보복 일본 정부, 'Why Times', '신의한수'- 'Why Times'
295, 가미카제 같은 멘털리티” 일침', 'KTV국민방송', 'Why Times'- 'KTV국민방송'
296, '[녹화방송 1부] ‘대통령 7시간’ 추적자들…박주민, 'HankyorehTV', 'KTV국민방송'- 'HankyorehTV'
297, 이재명, '세바시 강연 Sebasi Talk', 'HankyorehTV'- '세바시 강연 Sebasi Talk'
298, 한겨레', '스피드1', '세바시 강연 Sebasi Talk'- '스피드1'
299, '[김어준의 파파이스#118] 최순실 특집+1', '다문화TV', '스피드1'- '다문화TV'
300, '[LIVE] 검찰 권력, 'EBS 컬렉션 - 라이프스타일', '다문화TV'- 'EBS 컬렉션 - 라이프스타일'
301, 도대체 무엇이 문제일까? 검찰개혁 보도 - 뉴스타파 몰아보기', '영화장수 루피형아 LuffyHyungA the Movie Vendor', 'EBS 컬렉션 - 라이프스타일'- '영화장수 루피형아 LuffyHyungA the Movie Vendor'
302," '[풀영상] 신동욱 ""처형 박근혜 대통령", '모던 타임즈', '영화장수 루피형아 LuffyHyungA the Movie Vendor'- '모던 타임즈'
303," 지난 10년간 밥 한 끼 산 적 없다""(오마이TV)'", '네티즌 반응', '모던 타임즈'- '네티즌 반응'
304, '밤샘토론 27회 - 사드(THAAD) 필요한가 아닌가?', '세기뉴스', '네티즌 반응'- '세기뉴스'
305," '밤샘토론 114회 - ""나랏돈 풀어 경제살리기", '매일 뉴스', '세기뉴스'- '매일 뉴스'
306," 문제는 없나?"" (2019.05.31)'", '매일 뉴스', '매일 뉴스'- '매일 뉴스'
307, '밤샘토론 21회 - 전작권 환수 연기, '조이님TV', '매일 뉴스'- '조이님TV'
308, 주권 포기 vs 불가피한 선택', '붐이슈', '조이님TV'- '붐이슈'
309," '밤샘토론 114회 - ""나랏돈 풀어 경제살리기", '탐사기획스트레이트', '붐이슈'- '탐사기획스트레이트'
310," 문제는 없나?"" (2019.05.31)'", '딴지방송국', '탐사기획스트레이트'- '딴지방송국'
311, '밤샘토론 21회 - 전작권 환수 연기, 'KR Top News', '딴지방송국'- 'KR Top News'
312, 주권 포기 vs 불가피한 선택', '진성호방송', 'KR Top News'- '진성호방송'
313," '밤샘토론 114회 - ""나랏돈 풀어 경제살리기", '광주MBC', '진성호방송'- '광주MBC'
314," 문제는 없나?"" (2019.05.31)'", '가로세로연구소', '광주MBC'- '가로세로연구소'
315, '밤샘토론 21회 - 전작권 환수 연기, '포항MBC', '가로세로연구소'- '포항MBC'
316, 주권 포기 vs 불가피한 선택', '이규호 사주tv', '포항MBC'- '이규호 사주tv'
317," '밤샘토론 114회 - ""나랏돈 풀어 경제살리기", '얘기해주SEYO', '이규호 사주tv'- '얘기해주SEYO'
318," 문제는 없나?"" (2019.05.31)'", 'MBN Entertainment', '얘기해주SEYO'- 'MBN Entertainment'
319, '밤샘토론 21회 - 전작권 환수 연기, '네티즌 반응', 'MBN Entertainment'- '네티즌 반응'
320, 주권 포기 vs 불가피한 선택', 'KRVBA TV', '네티즌 반응'- 'KRVBA TV'
321," '밤샘토론 114회 - ""나랏돈 풀어 경제살리기", '4.953.228 views', 'KRVBA TV'- '4.953.228 views'
322," 문제는 없나?"" (2019.05.31)'", '안중규TV', '4.953.228 views'- '안중규TV'
323, '밤샘토론 21회 - 전작권 환수 연기, '게릴라Guerilla', '안중규TV'- '게릴라Guerilla'
324, 주권 포기 vs 불가피한 선택', '진성호방송', '게릴라Guerilla'- '진성호방송'
325," '밤샘토론 114회 - ""나랏돈 풀어 경제살리기", '김용호연예부장', '진성호방송'- '김용호연예부장'
326," 문제는 없나?"" (2019.05.31)'", '김용호연예부장', '김용호연예부장'- '김용호연예부장'
327," '[풀영상] 신동욱 ""처형 박근혜 대통령", '세기뉴스', '김용호연예부장'- '세기뉴스'
328," 지난 10년간 밥 한 끼 산 적 없다""(오마이TV)'", '한국문제', '세기뉴스'- '한국문제'
329, '밤샘토론 21회 - 전작권 환수 연기, '티캐스트 tcast', '한국문제'- '티캐스트 tcast'
330, 주권 포기 vs 불가피한 선택', '진성호방송', '티캐스트 tcast'- '진성호방송'
331," '밤샘토론 114회 - ""나랏돈 풀어 경제살리기", '티캐스트 tcast', '진성호방송'- '티캐스트 tcast'
332," 문제는 없나?"" (2019.05.31)'", '좋은 아침', '티캐스트 tcast'- '좋은 아침'
333, '밤샘토론 21회 - 전작권 환수 연기, 'VIDEOMUG비디오머그', '좋은 아침'- 'VIDEOMUG비디오머그'
334, 주권 포기 vs 불가피한 선택', '최지우뉴스', 'VIDEOMUG비디오머그'- '최지우뉴스'
335, '밤샘토론 27회 - 사드(THAAD) 필요한가 아닌가?', '채널A 뉴스TOP10', '최지우뉴스'- '채널A 뉴스TOP10'
336, '[노래하는 역사콘서트 #8] - 조선 최대의 비극, 'JTBC News', '채널A 뉴스TOP10'- 'JTBC News'
337, 사도세자와 영조 / 배기성 역사전문강사', 'JTBC News', 'JTBC News'- 'JTBC News'
338, '다큐멘터리극장 – 영욕의 청와대, 'JTBC News', 'JTBC News'- 'JTBC News'
339, 유신에서 10.26까지', 'JTBC News', 'JTBC News'- 'JTBC News'
340, '역사의 라이벌 – 무인시대, 'JTBC News', 'JTBC News'- 'JTBC News'
341, 최충헌과 이의민', 'JTBC News', 'JTBC News'- 'JTBC News'
342, '싸대기 한대로 조폭을 오줌 지리게 만드는 남자', 'JTBC News', 'JTBC News'- 'JTBC News'
343, '감옥에서 15년간 수련 후 최강 고수가 된 남자', 'JTBC News', 'JTBC News'- 'JTBC News'
344, '건들지 말아야 할 사람을 건드려버린 가출소녀', 'JTBC News', 'JTBC News'- 'JTBC News'
345, '하반신이 마비된 소녀가 겪는 끔찍한 일들', 'JTBC News', 'JTBC News'- 'JTBC News'
346," '[풀영상] 신동욱 ""처형 박근혜 대통령", 'JTBC News', 'JTBC News'- 'JTBC News'
347," 지난 10년간 밥 한 끼 산 적 없다""(오마이TV)'", 'JTBC News', 'JTBC News'- 'JTBC News'
348," '[풀영상] 신동욱 ""처형 박근혜 대통령", 'JTBC News', 'JTBC News'- 'JTBC News'
349," 지난 10년간 밥 한 끼 산 적 없다""(오마이TV)'", 'JTBC News', 'JTBC News'- 'JTBC News'
350," '밤샘토론 114회 - ""나랏돈 풀어 경제살리기", '김용호연예부장', 'JTBC News'- '김용호연예부장'
351," 문제는 없나?"" (2019.05.31)'", '신의한수', '김용호연예부장'- '신의한수'
352, '밤샘토론 21회 - 전작권 환수 연기, 'JTBC News', '신의한수'- 'JTBC News'
353, 주권 포기 vs 불가피한 선택', 'JTBC News', 'JTBC News'- 'JTBC News'
354," '밤샘토론 114회 - ""나랏돈 풀어 경제살리기", 'JTBC News', 'JTBC News'- 'JTBC News'
355," 문제는 없나?"" (2019.05.31)'", 'JTBC News', 'JTBC News'- 'JTBC News'
356, '밤샘토론 21회 - 전작권 환수 연기, 'tbs 시민의방송', 'JTBC News'- 'tbs 시민의방송'
357, 주권 포기 vs 불가피한 선택', 'tbs 시민의방송', 'tbs 시민의방송'- 'tbs 시민의방송'
358," '밤샘토론 114회 - ""나랏돈 풀어 경제살리기", 'tbs 시민의방송', 'tbs 시민의방송'- 'tbs 시민의방송'
359," 문제는 없나?"" (2019.05.31)'", 'tbs 시민의방송', 'tbs 시민의방송'- 'tbs 시민의방송'
360, '밤샘토론 21회 - 전작권 환수 연기, '사람사는세상노무현재단', 'tbs 시민의방송'- '사람사는세상노무현재단'
361, 주권 포기 vs 불가피한 선택', '팩트TV NEWS', '사람사는세상노무현재단'- '팩트TV NEWS'
362, '밤샘토론 27회 - 사드(THAAD) 필요한가 아닌가?', 'JTBC News', '팩트TV NEWS'- 'JTBC News'
363," '밤샘토론 114회 - ""나랏돈 풀어 경제살리기", 'JTBC News', 'JTBC News'- 'JTBC News'
364," 문제는 없나?"" (2019.05.31)'", 'JTBC News', 'JTBC News'- 'JTBC News'
365, '[EBS 세계테마기행] 행복한열대 캄보디아 1~4부', 'JTBC News', 'JTBC News'- 'JTBC News'
366, '프랑스가 중국은 망신 일본은 무능 한국이 최고라고 하는 이유 카타르도 극찬한 한국의 위엄 실시간일본 반응 일본반응', 'JTBC News', 'JTBC News'- 'JTBC News'
367, '선 넘은 일본, 'JTBC News', 'JTBC News'- 'JTBC News'
368, 수출허가 냈더니 또 국산화 해버리겠다는 한국 기업, 'EBSDocumentary (EBS 다큐)', 'JTBC News'- 'EBSDocumentary (EBS 다큐)'
369, 대충 일본 폭망시키겠다는 모습', '노래하는역사콘서트', 'EBSDocumentary (EBS 다큐)'- '노래하는역사콘서트'
370, '[특종속보] 전광훈 목사 외신 기자회견 - 191107', '멀티온 왓칭 마음공부', '노래하는역사콘서트'- '멀티온 왓칭 마음공부'
371, '[전광훈 목사] 윤석열 검찰총장은 문재인을 체포하라! - 1TV 191107', 'YTN SCIENCE', '멀티온 왓칭 마음공부'- 'YTN SCIENCE'
372, '[EBS 세계테마기행] 행복한열대 캄보디아 1~4부', 'tbs 시민의방송', 'YTN SCIENCE'- 'tbs 시민의방송'
373, '걸어서 세계속으로 - 걸어서 평양속으로 (2018.09.15 방송)', 'tbs 시민의방송', 'tbs 시민의방송'- 'tbs 시민의방송'
374, '(일일뉴스) 윤석열, 'Mr A', 'tbs 시민의방송'- 'Mr A'
375, 청와대에 분노 폭발!!! 문재인까지 조사하마!!! / 신의한수 19.11.15', 'KBS N', 'Mr A'- 'KBS N'
376, '(단식 5일차) 황교안의 생명이 위험하다!!! / 신의한수 19.11.24', 'KBS N', 'KBS N'- 'KBS N'
377, '긴급! 청와대 앞 위험하다! 특수경찰 투입!!! / 신의한수 19.11.25', 'tbs 시민의방송', 'KBS N'- 'tbs 시민의방송'
378, '(현장취재) 광화문 천만, 'tbs 시민의방송', 'tbs 시민의방송'- 'tbs 시민의방송'
379, 문재인 탄핵 청와대 돌격!!! / 신의한수 19.11.30', 'tbs 시민의방송', 'tbs 시민의방송'- 'tbs 시민의방송'
380, '김태우, 'tbs 시민의방송', 'tbs 시민의방송'- 'tbs 시민의방송'
381, 문재인 딸 불륜 폭로? (순찰팀 뉴스) / 신의한수', 'tbs 시민의방송', 'tbs 시민의방송'- 'tbs 시민의방송'
382, '조국, 'tbs 시민의방송', 'tbs 시민의방송'- 'tbs 시민의방송'
383, 결국 문재인 배신한다!!! (전영기 중앙일보 칼럼니스트) / 신의한수', 'tbs 시민의방송', 'tbs 시민의방송'- 'tbs 시민의방송'
384, '문다혜! 과연 어디에 있나? 김태우의 예언!! (19. 11. 17.)', 'tbs 시민의방송', 'tbs 시민의방송'- 'tbs 시민의방송'
385, '[세계테마기행] 인도차이나 별천지 베트남, 'tbs 시민의방송', 'tbs 시민의방송'- 'tbs 시민의방송'
386, 1~4부', 'tbs 시민의방송', 'tbs 시민의방송'- 'tbs 시민의방송'
387, '(다반뉴스) 박지원, 'tbs 시민의방송', 'tbs 시민의방송'- 'tbs 시민의방송'
388, 조국 부부 구속 예측!!! / 신의한수 19.11.15', 'tbs 시민의방송', 'tbs 시민의방송'- 'tbs 시민의방송'
389, '밤샘토론 21회 - 전작권 환수 연기, 'tbs 시민의방송', 'tbs 시민의방송'- 'tbs 시민의방송'
390, 주권 포기 vs 불가피한 선택', 'tbs 시민의방송', 'tbs 시민의방송'- 'tbs 시민의방송'
391," '밤샘토론 114회 - ""나랏돈 풀어 경제살리기", 'tbs 시민의방송', 'tbs 시민의방송'- 'tbs 시민의방송'
392," 문제는 없나?"" (2019.05.31)'", 'tbs 시민의방송', 'tbs 시민의방송'- 'tbs 시민의방송'
393, '밤샘토론 21회 - 전작권 환수 연기, 'tbs 시민의방송', 'tbs 시민의방송'- 'tbs 시민의방송'
394, 주권 포기 vs 불가피한 선택', 'tbs 시민의방송', 'tbs 시민의방송'- 'tbs 시민의방송'
395," '밤샘토론 114회 - ""나랏돈 풀어 경제살리기", 'tbs 시민의방송', 'tbs 시민의방송'- 'tbs 시민의방송'
396," 문제는 없나?"" (2019.05.31)'", 'tbs 시민의방송', 'tbs 시민의방송'- 'tbs 시민의방송'
397, '밤샘토론 21회 - 전작권 환수 연기, 'tbs 시민의방송', 'tbs 시민의방송'- 'tbs 시민의방송'
398, 주권 포기 vs 불가피한 선택', 'tbs 시민의방송', 'tbs 시민의방송'- 'tbs 시민의방송'
399, '밤샘토론 27회 - 사드(THAAD) 필요한가 아닌가?', 'tbs 시민의방송', 'tbs 시민의방송'- 'tbs 시민의방송'
400," '밤샘토론 114회 - ""나랏돈 풀어 경제살리기", 'JTBC Voyage', 'tbs 시민의방송'- 'JTBC Voyage'
401," 문제는 없나?"" (2019.05.31)'", 'JTBC Voyage', 'JTBC Voyage'- 'JTBC Voyage'
402, '밤샘토론 27회 - 사드(THAAD) 필요한가 아닌가?', 'tbs 시민의방송'], 'JTBC Voyage'- 'tbs 시민의방송']
403," '밤샘토론 114회 - ""나랏돈 풀어 경제살리기",,
404," 문제는 없나?"" (2019.05.31)'",,
405, '박근혜대통령 탄핵의 거짓과 진실 특별방송,,
406, 우종창기자편',,
407, '법정을 울음바다로 만든 박근혜대통령 최후진술 [염순태 대표 특별대담]',,
408, '[세계테마기행] 역사의 땅 이스라엘 1~4부',,
409, '[EBS 세계테마기행] 동아프리카지구대 기행 케냐 1 ~ 4부',,
410, '[이산가족] 평양노래자랑',,
411, '청춘어게인! 나훈아 콘서트. 소름돋는 전설의 공연. 눈으로 직접 확인하세요',,
412, '[단독] 김건모 결혼 연기 진짜 이유!!!',,
413, '김건모,,
414, 혼인신고는 했는데... 파혼 위기?! #전현무 #김제동 #강다니엘',,
415, '조용필 스타평전 1부',,
416, '조용필 부인 안진현 조용필 안진현 집안 재산,,
417, 신비한 원인',,
418, '나는 조용필이다',,
419, '후타리노 빅쇼 (조용필과 텐도요시미)',,
420, '후타리노 빅쇼 (조용필과 사이조 히데끼)',,
421, '나는 록의 전설이다',,
422, '신해철의 스페셜 에디션 - 서태지 1부',,
423, '[골든힛-트] 서태지와 아이들 무대 모음집 1992~1996',,
424, '대한민국 락 변천사',,
425, '기타의 신//지미 헨드릭스(Jimi Hendrix)',,
426, '역대 최고의 솔로 기타리스트 Top 10',,
427, 'The Best Damn Female Guitarists The World Has to offer!',,
428, 'Playing THE FORBIDDEN RIFF in a Huge Guitar Store',,
429, 'Shocked Mums Hear Boogie Woogie For The First Time',,
430," ""Some of the Greatest Moments at Norman's Rare Guitars - Part 1""",,
431, '(일일뉴스) 문재인,,
432, 윤석열에 항복!!! / 신의한수 19.11.20',,
433, '[Why Times 논평 281] 김정은이 문재인을 함부로 대하는 3가지 이유',,
434, '강경화 장관을 잡아라?! 문재인 대통령 메콩 정상들 영접하려다가 강장관 붙잡고 한 행동 (ft.극한직업 대통령 수행원)',,
435, '세브란스 병원 ‘황교안 브리핑’ 급취소한 이유',,
436," ""8년 동안 자연인에게서 배운 건강 비결 3가지 | 이승윤 개그맨",,
437," '나는 자연인이다' 진행자 | 행복 습관 스트레스 | 세바시 1112회""",,
438, '자연인 e349',,
439, '[희망다큐] 당신의 두 손으로 9회 - 섬마을 억척 엄마,,
440, 필리핀 로즐리 (후원번호 060-706-1001)',,
441, '특수부대원 출신,,
442, 이근 대위의 리얼 무인도 생존기!',,
443, '바람난 아내에게 싸이코패스 남편이 저지른 충격적 복수',,
444, '드라마 찍다가 상대역이랑 바람나서 갈아탄 연예인 TOP3',,
445," '[충격 비밀] 김국진 전부인 이윤성 이혼 진짜 이유... ""그런 태도를 못견뎌 했다"" [네티즌 반응]'",,
446, '\'조\xad국의 여\xad배\xad우\' 스\xad캔\xad들 때문에 인생 망한 김\xad남\xad주,,
447," 최근 인터뷰 눈물 폭발 ""그때 돈 필요해서 어쩔수없는 상황였다.이제 남편도 떠\xad났\xad으\xad니 죽\xad고 싶\xad다""'",,
448," '[충격] 김성령의 혼인 뒷 숨겨진 진실 공개! ""난 한동안 조국와 불륜을 해왔고 그를 정말 사랑해!! 돈 때문에 이기수와 결혼했어"" [매일 뉴스]'",,
449," '[충격] 김성령 눈물 흘리 폭로! ""매일 조\xad국은 전화하고 위협...그놈에게 돈을 빌려주지 않으면 우리아들이 위험에 처하게됩니다"" [매일 뉴스]'",,
450," '나경원 남편 김재호 충격 고백! ""김현조는 내 친아들이 아니고 그는 미국에서 태어나다""'",,
451," '윤석열 나경원 통화 녹취파일 충격 공개 ""나한테 3억 보내면 너 아들 도와줄께",,
452," 아니면 꿈 깨!! 네 실수한 일을 증거 모든 잡았으니깐""'",,
453, '[풀버전]김의성 주진우 스트레이트 71회- 추적 나경원 아들의 황금스펙 / 금배지보다 조합장 37년 장기집권의 비밀',,
454, '김어준의 다스 뵈이다 2회 비자금 + 국정원 자살사건',,
455, '나경원 남편 김재호와 딸이야기. 충격적인 사실이 드러났다!',,
456, '문재인 며느리,,
457, 드디어 입 열었다! (진성호의 융단폭격)',,
458, '유쾌한 배우 임현식이 경기도 송추에서 농사짓고 사는 이유 [왕종근의 초대]',,
459," '[긴급대담] 변희재 ""황교안 죽이려는 김세연 음모""'",,
460," '글로벌나눔프로젝트 지구촌 한류 ""새마을운동""'",,
461, '김건모 결혼 연기 - 안좋은 예감,,
462, 사주 분석',,
463, '조국과 불륜 관계 확보,,
464," 김정숙 구속: "" 니 소환할 때 말을 신중히 친술해라. 우리 조국 구하기 위해 내 목숨을 내기할게. 그래서 우리 관계 최대한 숨거라.""'",,
465," ""설운도 집에 방문한 임하룡! 입이 떡 벌어지는 '애정의 결정체' [모던 패밀리 38회]""",,
466, '[충격] 오영실 충격 고백,,
467," ""남편 덕분에 완전히 거덜나다..."" ",,
468, 오영실 남석진 혼인 인생 슬픈 이야기,,
469, 이혼 하지 않은 이유 [네티즌 반응]',,
470, '남진 부인 강정연 이혼이유- 윤복희와 중혼 뒤의 재혼 | KRVBA TV',,
471, '이재용...재혼 소문!! 비밀 여인이 누구 인가? 충격적인 사실이 드러났다',,
472, '가수 뺨치는 황교안 사모님의 노래 실력~!! (황교안x2040 미래찾기. 토크 콘서트)',,
473, '조국,,
474, 박정희 대통령 묘소에서 눈물 흘리다',,
475, '문재인과 송현정 이런 관계였어?(진성호의 직설)',,
476, '[연예부장LIVE] 조국이 밀어준 여배우는 누구?',,
477, '[깜짝LIVE] 나를 고소한다는 여배우... 대박 사진 공개!',,
478, '김\xad성\xad령 조\xad국,,
479," 상\xad상도 못한 숨\xad겨\xad진 관\xad계 밝\xad혀 ""데뷔전에 연\xad애한적 있다! 남\xad편 때문에 많이 고\xad통하고 연\xad기도 못했는데 조\xad국이 살\xad려\xad줬다""'",,
480," '조\xad국\xad과 여\xad배\xad우 논\xad란 음성파일 ""개\xad새\xad끼\xad야 난 임\xad신\xad했는데 책\xad임 안\xad져? 그동안 나\xad랑 외\xad도\xad한거 공\xad개\xad하고싶지 않으면 약\xad속\xad대로 300억원 당\xad장 보\xad내라""'",,
481, '유전자 검사로 밝혀진 친아빠의 정체! [진짜사랑 리턴즈2 9-3]',,
482, '충격 문재인 뒤에 누가있다! (진성호의 직설)',,
483, '장모가 갑자기 임신을?! 사위의 어이없는 반응 [진짜사랑 리턴즈2 1-2]',,
484, '딸 이지연,,
485, 이금희 아나운서 결혼...관계?',,
486, '까도까도 나오는 김정숙 여사의 매력 TOP5 / 비디오머그',,
487, '윤석열아내 김건희,,
488, 처음 밝히는~이혼 스토리!!! 5년간 동거했다고~!',,
489, '[단독] 김영철 사라진 진짜 이유',,
490, '[JTBC 뉴스룸 긴급토론 풀영상] 조국 장관과 검찰 수사,,
491, 어떻게 봐야 하나 (2019.10.01)',,
492," '밤샘토론 114회 - ""나랏돈 풀어 경제살리기",,
493," 문제는 없나?"" (2019.05.31)'",,
494, '밤샘토론 21회 - 전작권 환수 연기,,
495, 주권 포기 vs 불가피한 선택',,
496," '밤샘토론 114회 - ""나랏돈 풀어 경제살리기",,
497," 문제는 없나?"" (2019.05.31)'",,
498, '밤샘토론 21회 - 전작권 환수 연기,,
499, 주권 포기 vs 불가피한 선택',,
500," '밤샘토론 114회 - ""나랏돈 풀어 경제살리기",,
501," 문제는 없나?"" (2019.05.31)'",,
502, '밤샘토론 21회 - 전작권 환수 연기,,
503, 주권 포기 vs 불가피한 선택',,
504," '밤샘토론 114회 - ""나랏돈 풀어 경제살리기",,
505," 문제는 없나?"" (2019.05.31)'",,
506, '밤샘토론 21회 - 전작권 환수 연기,,
507, 주권 포기 vs 불가피한 선택',,
508," '밤샘토론 114회 - ""나랏돈 풀어 경제살리기",,
509," 문제는 없나?"" (2019.05.31)'",,
510, '밤샘토론 21회 - 전작권 환수 연기,,
511, 주권 포기 vs 불가피한 선택',,
512," '밤샘토론 114회 - ""나랏돈 풀어 경제살리기",,
513," 문제는 없나?"" (2019.05.31)'",,
514, '밤샘토론 21회 - 전작권 환수 연기,,
515, 주권 포기 vs 불가피한 선택',,
516," '밤샘토론 114회 - ""나랏돈 풀어 경제살리기",,
517," 문제는 없나?"" (2019.05.31)'",,
518, '[연예부장LIVE] 윤석렬 검찰총장과의 전화통화...',,
519, '(다반뉴스) 윤석열,,
520, 청와대 압수수색!!! 문재인도 수사 받아랏!!! / 신의한수 19.09.18',,
521, '밤샘토론 122회 - 조국발 검찰개혁,,
522, 어떻게 볼 것인가? (2019.09.27)',,
523," '밤샘토론 114회 - ""나랏돈 풀어 경제살리기",,
524," 문제는 없나?"" (2019.05.31)'",,
525, '밤샘토론 21회 - 전작권 환수 연기,,
526, 주권 포기 vs 불가피한 선택',,
527, '밤샘토론 27회 - 사드(THAAD) 필요한가 아닌가?',,
528," '""공수처-선거법 분리대응해야...\'선이후난\'""(박지원)│김어준의 뉴스공장'",,
529, 'tbs TV LIVE - 실시간 방송보기',,
530," '""공수처-선거법 분리대응해야...\'선이후난\'""(박지원)│김어준의 뉴스공장'",,
531," '""공수처-선거법 분리대응해야...\'선이후난\'""(박지원)│김어준의 뉴스공장'",,
532, '[유시민의 알릴레오 31회] 유시민이 묻고 도올이 답하다 - 10.4 12주년 특별강좌 3강',,
533," '역대급 기백 넘친 현직 경찰증인 황운하 때문에 자한당 ""국감 못해~"" 왕삐짐'",,
534, '밤샘토론 21회 - 전작권 환수 연기,,
535, 주권 포기 vs 불가피한 선택',,
536, '밤샘토론 27회 - 사드(THAAD) 필요한가 아닌가?',,
537," '밤샘토론 114회 - ""나랏돈 풀어 경제살리기",,
538," 문제는 없나?"" (2019.05.31)'",,
539, '밤샘토론 27회 - 사드(THAAD) 필요한가 아닌가?',,
540," '밤샘토론 114회 - ""나랏돈 풀어 경제살리기",,
541," 문제는 없나?"" (2019.05.31)'",,
542, '밤샘토론 27회 - 사드(THAAD) 필요한가 아닌가?',,
543, '[EBS 세계테마기행] 행복한열대 캄보디아 1~4부',,
544, '[노래하는 역사콘서트 #5] - 명량해전!!! 이순신과 이원익 / 배기성 역사전문강사',,
545, '일본 중국에서본 성웅 이순신장군 !!! 놀라운 감동 일본군과 조선군의 전적비교 신의어플',,
546, '조선의 돌격함,,
547, 귀선 / YTN 사이언스',,
548, '‘쎈돌’ 24년 바둑인생,,
549, 프로 활동을 마치며(이세돌)│김어준의 뉴스공장',,
550, 'tbs TV LIVE - 실시간 방송보기',,
551, '모란봉클럽 187회 오청성 귀순사건 대공개 “나는 가야한다” 오직 목표 하나로 뛰어간 오청성! 살인누명 오청성?! 소문들의 해명과 ※특급정보※까지',,
552, '술독에 빠진 남편 좀 구해주세요😭 (여러분 술이 이렇게 위험합니다..) [무엇이든 물어보살]',,
553, '이젠 벗어나고 싶다🙏 노모쇼 [무엇이든 물어보살]',,
554," '""공수처-선거법 분리대응해야...\'선이후난\'""(박지원)│김어준의 뉴스공장'",,
555, 'tbs TV LIVE - 실시간 방송보기',,
556, '‘쎈돌’ 24년 바둑인생,,
557, 프로 활동을 마치며(이세돌)│김어준의 뉴스공장',,
558, 'tbs TV LIVE - 실시간 방송보기',,
559, '‘쎈돌’ 24년 바둑인생,,
560, 프로 활동을 마치며(이세돌)│김어준의 뉴스공장',,
561, 'tbs TV LIVE - 실시간 방송보기',,
562, '‘쎈돌’ 24년 바둑인생,,
563, 프로 활동을 마치며(이세돌)│김어준의 뉴스공장',,
564, 'tbs TV LIVE - 실시간 방송보기',,
565, '‘쎈돌’ 24년 바둑인생,,
566, 프로 활동을 마치며(이세돌)│김어준의 뉴스공장',,
567, 'tbs TV LIVE - 실시간 방송보기',,
568, '‘쎈돌’ 24년 바둑인생,,
569, 프로 활동을 마치며(이세돌)│김어준의 뉴스공장',,
570, 'tbs TV LIVE - 실시간 방송보기',,
571, '‘쎈돌’ 24년 바둑인생,,
572, 프로 활동을 마치며(이세돌)│김어준의 뉴스공장',,
573, 'tbs TV LIVE - 실시간 방송보기',,
574, '‘쎈돌’ 24년 바둑인생,,
575, 프로 활동을 마치며(이세돌)│김어준의 뉴스공장',,
576, 'tbs TV LIVE - 실시간 방송보기',,
577, '‘쎈돌’ 24년 바둑인생,,
578, 프로 활동을 마치며(이세돌)│김어준의 뉴스공장',,
579, 'tbs TV LIVE - 실시간 방송보기',,
580, '‘쎈돌’ 24년 바둑인생,,
581, 프로 활동을 마치며(이세돌)│김어준의 뉴스공장',,
582, 'tbs TV LIVE - 실시간 방송보기',,
583, '‘쎈돌’ 24년 바둑인생,,
584, 프로 활동을 마치며(이세돌)│김어준의 뉴스공장',,
585, 'tbs TV LIVE - 실시간 방송보기',,
586, '‘쎈돌’ 24년 바둑인생,,
587, 프로 활동을 마치며(이세돌)│김어준의 뉴스공장',,
588, '[비정상회담][111-4] 지배국 & 피지배국,,
589, 서로 다른 역사 인식의 온도 (Abnormal Summit)',,
590, '[비정상회담][107-4] 미남&미녀의 나라는 어디? 각 나라의 미의 기준과 배경 (Abnormal Summit)',,
591, '‘쎈돌’ 24년 바둑인생,,
592, 프로 활동을 마치며(이세돌)│김어준의 뉴스공장'],,
